username,tweet_url,full_text
RIlahi2,https://x.com/RIlahi2/status/1753363971141468216,Misalnya...subsidi motor atau mobil listrik dialihkan buat beli ini kira kira sungai2 kita tambah ciamik...
dian97605702,https://x.com/dian97605702/status/1786589161597850041,@AzzamIzzulhaq ku tahu itu indonesia pernah punya industri pesawat sendiri bahkan mobil juga pernah merintis..tapi cerita nya sekarang berbeda jauh..
kumparan,https://x.com/kumparan/status/1792359877412839526,Berita populer kumparanOTO Minggu (19/5) estimasi harga mobil listrik Hyundai Kona dampak fitur fast charging mobil listrik. #kumparanOTO https://t.co/VhRBvZsX0G
kompascom,https://x.com/kompascom/status/1776415415599849947,Ketika kesehatan baterai mobil listrik turun di bawah 70 persen akan diganti gratis oleh Vinfast. https://t.co/lJ3fg5XScL
5teV3n_Pe9eL,https://x.com/5teV3n_Pe9eL/status/1795972841806115191,@kumparan Yo jelas mikir2 lah konsumen namanya bekas batere rawan soak kalo batere ude soak harganya bisa setengah harga beli
afannni,https://x.com/afannni/status/1786958550818074883,@AzzamIzzulhaq pak apakah ada tanggapan untuk informasi di cuitan ini? https://t.co/AOjI3zcssM
Bisniscom,https://x.com/Bisniscom/status/1785227164302151743,Pemerintah RI Klaim Baterai Nikel Lebih Canggih Buat Mobil Listrik https://t.co/9x8Vkm4I7E
Mu_thoharun,https://x.com/Mu_thoharun/status/1760949853730087044,@sociotalker Opung paling semangat klo kerja sama cina ya ...
ajotegie,https://x.com/ajotegie/status/1754111790227869903,@detikcom Ya bisa dong ... PCR aja bisa lebih mahal pada saat itu ...
Memorysonk2024,https://x.com/Memorysonk2024/status/1790276610584965263,@lhayesno @memorysongs2023 Garansi batere 8 tahun
Bonbon36401001,https://x.com/Bonbon36401001/status/1790179150608924860,@investorgabut emoh buy car in indo.tetannga w beli speed boat parkir di halaman eh mksdnya bukan di indo wes lah merantau...banyakin g Burner nih di country hehehe
subhaan____,https://x.com/subhaan____/status/1790525359378829389,@lhayesno Kalau ilustrasi pemakaiannya 6 tahun kabar bagus buat kita semua: orang kaya dan/atau kaum mendang mending akan segera ganti mobil dalam 5 tahun pemakaian.
dumbicado,https://x.com/dumbicado/status/1795630464126070856,@trusnted @tanyarlfes Jangankan bocil naik sepeda listrik kita yang dewasa aja dalem mobil takut kalo sebelahan apalagi depan depanan sama truk atau bis 
detikcom,https://x.com/detikcom/status/1749679857548632091,Baterai berbahan Lithium Ferro Phosphate (LFP) dan nikel sedang ramai diperbincangkan. Mana yang lebih baik? https://t.co/UW7Ik2juMo
katadataoto,https://x.com/katadataoto/status/1794972199285305351,Dianggap dapat merusak persaingan pasar Elon Musk protes kebijakan tarif impor mobil listrik China di AS https://t.co/JVwQsHhRGL
VIVAcoid,https://x.com/VIVAcoid/status/1793583432997671055,Mobil Listrik Neta S dan Neta GT Siap Dijual di RI Pesaing Berat BYD Seal https://t.co/JuszAtjwo0
IDNTimes,https://x.com/IDNTimes/status/1785161051853754414,CATL Umumkan Baterai Mobil Listrik Baru https://t.co/ncY5sc2TmB
bocumilikmu,https://x.com/bocumilikmu/status/1793876570836439141,Pengen tuku motor listrik tapi sadar gaene spklu.. Dalane munggah mudun sisan. Yowes gaopo numpak inem wae sek.. Mbi tuku jetski
GunawanHamzih2,https://x.com/GunawanHamzih2/status/1785234132836217049,@kompascom harganya jauh dibawah kompetitor nya nih kalo dari lihat lgsg kemaren di iims sama di gi build quality nya oke banget cloud ev tinggal test drive nya di PEVS 2024 biar ada experience nyetirnya
dimsum1kan,https://x.com/dimsum1kan/status/1749993458679660854,@mouldie_sep jadi pengen ngecek pabrik yang keliatan dari pantai ancol masih ngebul atau enggak asapnya
voidotid,https://x.com/voidotid/status/1767776098333422045,[Otomotif] Di AS pilihan mobil listrik baru semakin banyak dan harganya pun sedang mengalami penurunan. Ini jadi dampak positif dari tingginya stok mobil listrik yang tersedia di dealer. https://t.co/ARdNv4mCAm
detikcom,https://x.com/detikcom/status/1775026875716252043,Xiaomi telah terjun ke bisnis mobil listrik. Bahkan model perdananya yang dinamakan SU7 Max itu terindikasi laris manis! https://t.co/c23xayTQTC
Pcepetan,https://x.com/Pcepetan/status/1795961923378503899,@Udang_Rebon3 @AfifFuadS Yang paling terdengar: suka memuji penguasa dan membubarkan pengajian salaf
christyo90,https://x.com/christyo90/status/1774495028787974598,@ridwanhr Ini mobil sangat cocok untuk taksi online. Penguasa gak perlu khawatir soal baterai yang pasti harganya lebih dari setengah harga mobilnya. Apalagi setau saya (koreksi jika salah) sudah mendukung fast charging. Sehari 400 kilo kayaknya cukup sih buat operasional harian taksol
sambodo_r,https://x.com/sambodo_r/status/1795301013374853500,@musksigit @NissanID Perimeter Pak
manshur_39,https://x.com/manshur_39/status/1788467871225627029,@MuhadklyAcho Soal masalah jalan kaki jadi suka inget kenapa kalo liat di film-film luar atau di drakor gitu knapa berangkat kerja atau pulang kerja atau ngedate jarang banget yang scene naik motor..malah motornya aja jarang keliat masuk tv
femialovely,https://x.com/femialovely/status/1790326648732352953,@lhayesno 8 tahun lagi anda akan menertawakan tweet anda sendiri xixi
Lesnaya01,https://x.com/Lesnaya01/status/1787033960129941616,@AzzamIzzulhaq Asalkan jangan indonesia dijadikan tempat uji coba pesawat china kayak skrg mobil cina dibangga2in di indo seperti wuling BYD dll padahal warga china lebih senang pake merk jerman dan amerika.
detikcom,https://x.com/detikcom/status/1762052886698102936,Beberapa mobil listrik yang dijual di Indonesia mendapat insentif PPN. PPN yang normalnya 11 persen dipangkas hanya menjadi 1 persen. https://t.co/UbW07XFNWu
tpotx27,https://x.com/tpotx27/status/1754312918244753772,@detikcom Jgn sok kaget lah..masa gak kenal perilaku bangsa sendiri?
DzulfiqorParisi,https://x.com/DzulfiqorParisi/status/1786565324277756075,@AzzamIzzulhaq Akang ari nerangkeun samting dina postingan teh meni menguasai materi wae katingal na teh.... Asa pinteran akang sareng c waduk Oge sapertosnamah... Duhhh akang sing jd oamimoin Indonesia nyak... Omat pami toa janten tong hilap ka Abdi kang trah Sunda asli tah... Eheheh
detikcom,https://x.com/detikcom/status/1772525392953585885,Bos Xiaomi Lei Jun membagikan bocoran harga mobil listrik Xiaomi SU7 yang akan dirilis bulan ini. Jangan kaget yaa... https://t.co/cLHo5Ozxj8
TerongKun,https://x.com/TerongKun/status/1788431094125322433,@MuhadklyAcho Gausah sok deh orang metropolitan pake alasan belibet kek gitu itu angka rata-rata 3.5k langkah dicarry sama orang kabupaten
esdaogan,https://x.com/esdaogan/status/1796063547148902619,@kumparan Lihat hp second aja ga semua orang minat
SelebtwitMobil,https://x.com/SelebtwitMobil/status/1789910930345664851,@investorgabut Brio tiap 3 bulan naik. Neta tiap 3 bulan turun. Tebak tahun berapa Brio lb mahal dr Neta
AzzamKhairul10,https://x.com/AzzamKhairul10/status/1786393814493765728,@AzzamIzzulhaq Ada yg lebih canggih punya banyak Indonesia...... Belum di buT sudah 6000 orang yg pesan.... Tak terlihat dengan kasat mata.... Selalu dinanti setiap pemilu..... MOBIL ESEMKA.......
damariradat,https://x.com/damariradat/status/1744285483507839012,Also Jokowi: subsidi mobil dan motor listrik
agak_kafir,https://x.com/agak_kafir/status/1789903239405621296,@investorgabut Tapi opini ini untuk yang mau beli mobil ke-2 dan selanjutnya ya pack
RifqyKeane,https://x.com/RifqyKeane/status/1793462939544076496,@NOTASLIMBOY Dengar kabar ada yy kasi garansi baterai 5 tahunan gitu bang. Yg hybrid. Ntah betul.
Kabar_Tangsel,https://x.com/Kabar_Tangsel/status/1785776515571159193,Kesiapan SPKLU PLN Diapresiasi Pemudik https://t.co/naGXMLCkgn
gadingnstn,https://x.com/gadingnstn/status/1789885953470861418,@investorgabut kalo di Indonesia ttp harus punya mobil BBM atau alternatif hybrid. susah ngandelin mobil EV doang terutama utk jalan jauh.
MuhammadZuhriii,https://x.com/MuhammadZuhriii/status/1789421199404994599,@NOTASLIMBOY Spill harganya @ridwanhr kalau emang pada banting harga
JajangRidwanK,https://x.com/JajangRidwanK/status/1760912322951066003,@sociotalker Tolong tambahkan data ttg apa yg dihasilkan smelter² Ni di Ina spy nyambung dgn pabrik sendok garpu nya krn banyak masyrkt msh menyangka kl baterai ev itu bisa dibikin langsung dari Ni yg di hasilkan smelter² di Ina.
xojolx,https://x.com/xojolx/status/1788423613521317889,@MuhadklyAcho Dan malasnya mereka buat jalan kaki adalah rejeki bagi supir angkot ojol kang becak Pohon-pohon rindang bukannya dirapihin malah ditebang dibabat habis. Gimana gak tambah panas tuh Trotoar dikuasai PKL dan parkiran.
tanyakanrl,https://x.com/tanyakanrl/status/1748211117586075981, di masa depan mungkin gak kalau entar dijalan-jalan rata rata pakai mobil listrik? https://t.co/x08eSnucex
noboncilik,https://x.com/noboncilik/status/1790390233349124232,@lhayesno beli kursi listrik aja buat nyetrum maling.
Beritasatu,https://x.com/Beritasatu/status/1787717121776239034,Perbedaan Jenis Mobil Listrik Baterai Hybrid PHEV dan FCEV #BNetwork https://t.co/ChA3DA2DNK
firamaw,https://x.com/firamaw/status/1752595009726296382,@wisnusuryapr Negara gagal ini
RedSemvack,https://x.com/RedSemvack/status/1754024160932806998,Betul... Kalau mau hemat jangan maksa bikin proyek² yg tdk ada urgensinya samasekali Ikn kereta cepat subsidi mobil listrik jalan tol dlsb Yg menikmati proyek orang berduit rakyat jelata ikut nanggung semua hutangnya
TheDent10558027,https://x.com/TheDent10558027/status/1789159993402601580,@NOTASLIMBOY Bentar lagi punah kayanya 
antarabiz,https://x.com/antarabiz/status/1783815938800021942,PLN siapkan SPKLU untuk kendaraan listrik delegasi World Water Forum https://t.co/ojRih3MeMh
RiyantAriel,https://x.com/RiyantAriel/status/1760813765459939475,@sociotalker Wah luhut emang top
liputan6dotcom,https://x.com/liputan6dotcom/status/1782033311856308320,MIND ID Sinergi dengan IBC Pasok Bahan Baku Baterai hingga Mobil Listrik https://t.co/jgLRwGOCTW #Bisnis
NOTASLIMBOY,https://x.com/NOTASLIMBOY/status/1766727783081001045,Liputan ABC tentang dampak lain dari implementasi mobil/motor listrik. Reportase jurnalis @sweethellena https://t.co/0UBrxcUntV
Mmmadaaa,https://x.com/Mmmadaaa/status/1762591485537755426,Yg mau dipotong subsidinya - listrik - bbm - biaya pendidikan Yg mau dikasih subsidi - Mobil listrik - Sawit Mind-blowing sekali pemerentah ini 
KelfinBuzz,https://x.com/KelfinBuzz/status/1786830625972064512,@AzzamIzzulhaq Comac mah emang udah dari lama
rang_casper,https://x.com/rang_casper/status/1750381314833027261,@detikcom Opung kan sangat tahu tesla luar dalam Karena ketidakmampuan tenaga negeri konoha maka investasi tesla di kasih ke india
gilanguage,https://x.com/gilanguage/status/1788443341518172601,@MuhadklyAcho Kasih tau yang 10rb Yangg @pearlffect
NugrahaAulia15,https://x.com/NugrahaAulia15/status/1788423547297333560,@MuhadklyAcho Kalau alasan gue cuma satu. PANAS.
KontanNews,https://x.com/KontanNews/status/1761892587621978509,Inilah Teknologi Canggih Mobil Listrik BYD Cek Harga Mobil BYD Seal Dolphin Atto https://t.co/iuJBCacHw5 #MobilListrik
officialntv_,https://x.com/officialntv_/status/1760162970494210227,Ford Pangkas Harga Mobil Listrik Mustang Mach-E hingga Rp126 Juta https://t.co/Gbt6gkIop5 #otomotif #Ford #ElectricVehicles #MobilListrik #MustangMachE #Automotive
IDNTimesSulsel,https://x.com/IDNTimesSulsel/status/1784822185288511805,Pengalaman Mengisi Daya Mobil Listrik di SPKLU PLN: Mudah dan Cepat https://t.co/s3J51iAAZO
HMMurah3,https://x.com/HMMurah3/status/1795054733352165632,NKRI Harga Mati Konglomerat Sawit Dan Mobil Listrik Diberikan Subsidi ? Pupuk Subsidi Petani Dikurangi
YandraD31,https://x.com/YandraD31/status/1795021530289578240,Mau Tanya nih pak Luhut dan pak Erick ! kalo bawa mobil listrik gak ada SIM ntar yang nilang polisi atau PLN sih ? https://t.co/erBFlzStuD
jpnncom,https://x.com/jpnncom/status/1758698979632836638,Chery Berikan Garansi Baterai Seumur Hidup untuk Mobil Listrik Omoda E5 https://t.co/tYlVkapGYu
_lezef,https://x.com/_lezef/status/1789912690279796895,@investorgabut Jangan bandingin sama Malaysia yang bebas tarif impor EV wkwkwkwk
NasiAking234,https://x.com/NasiAking234/status/1775815862370660486,@detikcom Puasa flexing dulu
cnbcindonesia,https://x.com/cnbcindonesia/status/1757424947222155273,Pemerintah Jor-joran Kasih Subsidi Mobil Listrik Ternyata Demi Ini https://t.co/BOCH34tlb6
SigitPr67882204,https://x.com/SigitPr67882204/status/1767073873324061121,@_Banyoe $10 .... untungnya $990
AjiJulian167957,https://x.com/AjiJulian167957/status/1788449499826061468,@MuhadklyAcho Alhamdulillah nambah lagi prestasi masyarakat Indonesia 
trey_3ex,https://x.com/trey_3ex/status/1760905210803929115,@sociotalker pajak naik harga pokok naik jd tambang nikel buat siap? lu sama antek lu doang kan yg untung?
cnbcindonesia,https://x.com/cnbcindonesia/status/1795457640895504627,Video: Karpet Merah Mobil Listrik China di Indonesia https://t.co/YyUZV8XD4Y
asamlambungenak,https://x.com/asamlambungenak/status/1785313197437927828,@ridwanhr Kaum jomblo paling seneng adanya fitur bisa nyetir sendiri Kalo fiturnya harus nyetir berdua susah kudu ada pasangannya
nornormale,https://x.com/nornormale/status/1760662405410066931,@sociotalker Hilirasi vibes batre e-vehicle tesla berubah jadi warteg s cutlery
alenliaansyah,https://x.com/alenliaansyah/status/1789910377595105653,@investorgabut Ada podcast dr orang mekaniknya. Better untuk short term period ini mending pilih hybrid instead of full EV. Karena spare part yang sulit di EV dan kalo rusak 1 komponen kelistrikan bisa seharga mobil itu sendiri.
Wahyu_edin,https://x.com/Wahyu_edin/status/1786529263329616141,@AzzamIzzulhaq Ya klo tidak di korup maling berdasi.. ya pasti udah ada semua itu ustad
ysznprd,https://x.com/ysznprd/status/1790276202546245832,@lhayesno Hyundai kasih garansi baterai 8 tahun. Beberapa mobil listrik merk lain juga kurleb sama masa garansinya. Jadi penggantian baterai dilakukan (minimal) setelah 8 tahun pemakaian. Bisa jadi lebih awet. Dan perhitungkan juga penurunan harga baterai
PapaQuon,https://x.com/PapaQuon/status/1790310906204955002,@lhayesno Itung2an itu tergantung jenis baterai juga contoh airev itu pakai lithium fero phosphate (LFP) cycle bisa 4000-6000 kali anggep aja 150km per cycle itu minimum 600rb km. Mobil saya sebelumnya 10 taun itu 150rb km atau 15rb/th. Jadi kira2 bakal habis cycle di 40th anggep 
katadataoto,https://x.com/katadataoto/status/1795779654802079843,Neta Auto Indonesia baru saja menjalani kerja sama dengan Permata Bank buat pembiayaan mobil listrik mereka https://t.co/FfLx3J2Znw
rushley94,https://x.com/rushley94/status/1782232212819280237,@SelebtwitMobil @hanmula Ssd sekarang mahal hloh Maret kemaren ane beli 1TB gen4 harga 1.4jt 2023 september akhir dengan harga sama dapet 2TB... Sekarang kalo mau dapet 2TB harus rogoh kocek 2jt keatas
mementomolli,https://x.com/mementomolli/status/1788572141891547158,@MuhadklyAcho masih adaa nih iklannya dealer pusat https://t.co/Wo0pWPsMYs
100kpjcom,https://x.com/100kpjcom/status/1775788732932579378,Perang mobil China bukan terjadi pada segmen listrik berbasis baterai melainkan hybrid yang menggabungkan mesin bensin dengan motor listrik penggerak roda. Seperti halnya duel BYD dan Geely. Selengkapnya: https://t.co/vExlGWRae9 ___ #100kpjcom #Mobilhybrid #China https://t.co/yoebSeFYsz
GANADIYAG,https://x.com/GANADIYAG/status/1782263657272938877,@SelebtwitMobil Yg slc tetep mahal dan langka dan paling bagus
MSNindonesia,https://x.com/MSNindonesia/status/1794881379878019291,Hyundai: Ketidakpastian Regulasi Bikin Konsumen Tunda Beli Mobil Listrik https://t.co/7jNxdgx63L
bakanosan1,https://x.com/bakanosan1/status/1786603378883338622,@AzzamIzzulhaq Ayeuna pesawatna ngan jadi pajangan di museum pejabatna leuwih mikir sorangan keluarga jeung kelompokna koplok lah..
Sitikho24969036,https://x.com/Sitikho24969036/status/1760847076777410673,@sociotalker org yg sama dulu ngomong ttg esemka 
detikoto,https://x.com/detikoto/status/1775727693264560456,VinFast Tawarkan Langganan Baterai Mobil Listrik Tarif Sewa Mulai Rp 1 5 Juta Sebulan https://t.co/22TSBvoQPF
wannafigh,https://x.com/wannafigh/status/1790280997495509003,@lhayesno Mobil Listrik itu membatasi mobilitas manusia. Full charge cuma bisa 200km Terus tempat cas masih terbatas dan sekali cas itu bisa 6-8 jam buat full Pom bensin aja antriannya udah sepanjang itu Ada 3 mobil antri ngecas aja udah 24 jam bs pasang tenda nginep
Renezance201,https://x.com/Renezance201/status/1753287818057805921,@ainunrozi @tanyakanrl Biar pabrik2 EV mau buka di indo biar nyerap lapangan kerja banyak
Adinda20101,https://x.com/Adinda20101/status/1789885549085405574,@investorgabut Bukan apa apa duitnya emang belum ada om
detikcom,https://x.com/detikcom/status/1752907626369683685,Harga mobil listrik BYD di Indonesia masih ditutup rapat-rapat. Kenapa begitu? https://t.co/7tnpUXbawr
elkecinkdotcom,https://x.com/elkecinkdotcom/status/1790265575920504955,@investorgabut Naik kendaraan umum saja biar ngurangi macet
m4_rho,https://x.com/m4_rho/status/1784785734039482736,Kesiapan SPKLU PLN Diapresiasi Pemudik Semua Lancar dan Banyak Fasilitas Pendukungnya...! https://t.co/iEpaMScJI3
kpgnj,https://x.com/kpgnj/status/1777588328738549776,Ho oh. Sekarang bayangkan kalau semua pakai mobil dan motor listrik tetap commute dari pinggir ke tengah kota pp tiap hari karena ngga ada hunian terjangkau di tengah kota dan listrik buat cas baterai tetap dari batubara. Poin yang ciamik Bang Piotr. 
kenarrox,https://x.com/kenarrox/status/1750142543843697033,@mouldie_sep Secara prinsip elektfikasi banyak (transportasi kompor dst) hal itu benar karena emang lebih efisien. Tapi direncanakan yang bener bukan karena oversuplly pembangkit listrik. Ingat juga untuk transportasi prioritasnya masal dulu baru pribadi kalo nggak macetnya sama.
tvOneNews,https://x.com/tvOneNews/status/1782576255650660862,Tesla-nya Elon Musk Diskon Harga Mobil Listrik Hingga Rp32 Juta Harga Seri Termurah Model Y Ternyata Masih Rp697 Juta: Sejak akhir pekan lalu Tesla memberi diskon harga hingga 2.000 dolar AS atau sekitar Rp32 juta rupiah untuk tiga seri mobil https://t.co/SSlNEV1Xv8 https://t.co/Dtx335MZRw
syafi_tawakarun,https://x.com/syafi_tawakarun/status/1774361416079978755,@ridwanhr Apa mobil ESEMKA
R_180208,https://x.com/R_180208/status/1754104326115762502,@detikcom Ya bisa dong dj Malaysia gak ada Luhut Bahlil Erik tohir dan joko widodo.
katadataoto,https://x.com/katadataoto/status/1795033744707088419,Salah satu penyebab yang membuat penjualan mobil listrik Hyundai lesu karena regulasi yang tak menentu https://t.co/05OSedCut3
heru_mie,https://x.com/heru_mie/status/1786726767845351746,@AzzamIzzulhaq Kang ustadz kenal teu sareng pak mukiman?
roviko_rq,https://x.com/roviko_rq/status/1794161628050854216,@SelebtwitFess Cuma ada 1 SPKLU di Lombok ya? +Pastikan mobil yg dibeli ada dealer dan service centernya. +Colokannya sesuai dengan yg ada di SPKLU +Perkiraan jarak tempuh penggunaan harian dibandingkan jarak tempuh mobil https://t.co/lNmMBHnQ0A
OnlyOnesia,https://x.com/OnlyOnesia/status/1790192918827028982,@lhayesno (Khas kitorang): Belum beli juga udah mikir gimana jualnya nanti
admn_yami,https://x.com/admn_yami/status/1749072538188255417,Greenflation itu sederhananya kaya gini kau mau bikin mobil listrik biar lebih ramah lingkungan tapi harga barangnya naik karena kebutuhan ramah lingkunagn itu. contohnya karena harga nikel naik jadi harga mobil listriknya naik dan orang ga mampu beli mobil listrik
_cawe_cawe_,https://x.com/_cawe_cawe_/status/1787016851492688260,@AzzamIzzulhaq Lha presidennya semuanya bolak balik dikibulin. https://t.co/SWb7LAYeJN
officialinews_,https://x.com/officialinews_/status/1792621832723640691,#Bisnis Luhut Sebut Elon Musk Bakal Pertimbangkan Bangun Pabrik Baterai Mobil Listrik di RI https://t.co/yH8taPJPOF
alan_falah,https://x.com/alan_falah/status/1789169215263653897,@NOTASLIMBOY Baterai nya umur lima tahunan mesti ganti dan harganya sepertiga harga mobil bahkan bisa lebih..
OssasUzumaki,https://x.com/OssasUzumaki/status/1773947444277178665,@SelebtwitMobil Mobil2 double cabin juga termasuk?
HengkyCh1,https://x.com/HengkyCh1/status/1760976502647332966,@sociotalker @DrEvaChaniago Hilirisasi Nikel = Pabrik Sendok dan Garpu? China itu makan pakai sumpit! LBP lo kerjasama dgn China apa ma tukang somay sih??.
VIVAcoid,https://x.com/VIVAcoid/status/1793223814526259629,Harga Resmi Mobil Listrik Neta V-II Hampir Rp300 Juta https://t.co/mEtxkMvkcd #Ramadan https://t.co/YYDoNVSK08
writerfreax,https://x.com/writerfreax/status/1796237900402905290,@kumparan Diobral aja kita kua beli esemka
detikoto,https://x.com/detikoto/status/1786330842555678869,Bagaimana Jika Baterai Mobil Listrik BYD Lemah? Ini Penjelasannya https://t.co/oCGn9qP8ns
IndoCapEnaak,https://x.com/IndoCapEnaak/status/1753296129985487203,@ainunrozi @tanyakanrl Ada kok subsidi transportasi umum. Coba aja anda Googling. Tahun ini jumlahnya 12 triliun.
GoldHarsa,https://x.com/GoldHarsa/status/1788427822165561825,@MuhadklyAcho apa itu 3rb langkah https://t.co/xyYx74Msvh
f___yp,https://x.com/f___yp/status/1788413698857689327,@MuhadklyAcho Rata-rata di hari kerja jalan kaki segini https://t.co/yPc3RWipej
MD_IN,https://x.com/MD_IN/status/1790332731945369675,@lhayesno Tadinya mau nabung beli mobil EV. Scr mobil kelas entry level dah masuk. Pas tahu harga baterai bisa setengah harga mobil auto mundur. Menengah bawah beli pastinya nyicil nyicil 5 tahun lunas. Harga second gelap. Beli 2nd ngeri kecuali dihargain 2jt 
detikcom,https://x.com/detikcom/status/1754717049199501372,Peluncuran Chery Omoda E5 berstatus sebagai world premiere atau pertama di dunia. Harganya dibawah Rp 500 juta! https://t.co/Zvzb5xZKPL
pri_rakhman,https://x.com/pri_rakhman/status/1789195277309714819,@NOTASLIMBOY Masa depan itu Mobil H2.
Yq8pY,https://x.com/Yq8pY/status/1794035366833561888,@SelebtwitFess SPKLU udh banyak belum di #Lombok kak? Brand maintenance apakah udh available disana? Kalu belum ada mending do not play-play kak.
katadataoto,https://x.com/katadataoto/status/1791008455953961232,Mengakomodir kebutuhan konsumen terkhusus BinguoEV dan Cloud EV Wuling akan bangun 100 SPKLU tipe GBT https://t.co/ijIonIrizS
SelebtwitMobil,https://x.com/SelebtwitMobil/status/1789218292491813202,@NOTASLIMBOY Komunitas gondok --&gt; @komunitaswevi
tvOneNews,https://x.com/tvOneNews/status/1773456347356663893,Menperin Agus Gumiwang Buka-bukaan soal Harga Mobil Listrik Bisa Diturunkan hingga 30 Persen Begini Alasannya: Menteri Perindustrian (Menperin) Agus Gumiwang Kartasasmita menilai harga mobil listrik bisa diturunkan hingga 30 persen jika Indonesia mampu https://t.co/689T7pdQJ1 https://t.co/xZowLIskbS
tempodotco,https://x.com/tempodotco/status/1795321400376660158,Mobil Listrik Aion Y Plus 7-Seater akan Datang Ke Indonesia https://t.co/ZBmzwQMaUX #GoOto
imawaticeria,https://x.com/imawaticeria/status/1795624004835049580,@Udang_Rebon3 @AfifFuadS Kalo protes itu yg jadi menteri agama ketua kpu komisaris bisa pada di copot n ijin tambang ga jadi dikasih
JantanBinal,https://x.com/JantanBinal/status/1773930230480253416,@SelebtwitMobil Gue ga lagi² duduk di baris ketiga Pajero Sport/Fortuner
SelebtwitMobil,https://x.com/SelebtwitMobil/status/1782223930025279564,Gila SSD dah gak ada harga dirinya lagi 10 taon lalu tuh SSD ginian tuh harganya nyaris menyamai UMR bahkan melebihi UMP bbrp daerah Apakah EV (mobil/motor listrik) akan bernasib sama?
jalli_jail_,https://x.com/jalli_jail_/status/1790267192782758256,@lhayesno andai biaya batere dikomparasi dgn pemakain BBM per bulan? masih murahan mana?
extreem_007,https://x.com/extreem_007/status/1782239337863918046,@SelebtwitMobil Bgitulah dengan kemajuan teknologi
Harian_Jogja,https://x.com/Harian_Jogja/status/1749624141857300719,Mobil Listrik Rakitan Lokal Chery Omoda E5 Bakal Gunakan Baterai LFP https://t.co/tT4Pk8DZqD #beritajogja #jogja #jogjaistimewa https://t.co/aFTdennzjq
andrie_pratama,https://x.com/andrie_pratama/status/1785348809498984813,@ridwanhr Mobil Neta V ini di foto biasa aja kayak culun2 manis gitu. Tapi kalo liat aslinya di jalan ngga kok gede enak jg di lihat jg walaupun jarang2 liat di jalanan Jakarta tp ada aja seliweran. . Dibanding wuling air ev ya msh mnding ini bb angkut barang bawaan dan bawaan banyak.
GuptaGautama,https://x.com/GuptaGautama/status/1752556436436173304,@wisnusuryapr Niru Amerika kok yang buruknya.
wkurniawan609,https://x.com/wkurniawan609/status/1795978723138650569,@kumparan Marketing jahat.
pedagang_krupuk,https://x.com/pedagang_krupuk/status/1790358580136460344,@lhayesno Yang perawatan hemat itu kendaraan kayuh. Hanya butuh pijet dan jamu saja
Arilay_x,https://x.com/Arilay_x/status/1753821581321908227,Sedangkan menterinya jadi Sales (subsidi) mobil listrik
sabrizapr,https://x.com/sabrizapr/status/1790058590327177500,@investorgabut Walau semakin lama semakin murah ttp berpikir berkali2 lipat beli mobil listrikkkk
alblankon,https://x.com/alblankon/status/1795724855465398747,@muhararpajidi @innovacommunity Emg 1jam bisa full? Bukannya lebih ya
kekanean,https://x.com/kekanean/status/1789117027464216948,@NOTASLIMBOY H miring juga gondok tuh sama mobil listrik Tiongkok
Irhamln,https://x.com/Irhamln/status/1752674069944901871,@wisnusuryapr yg jualan yg bikin aturan sih
inor59,https://x.com/inor59/status/1786895709717012668,@AzzamIzzulhaq Kita* itu bukan lebih senang jd konsumen tp kita* lebih cinta komisi .. *kita = pejabat
SelebtwitMobil,https://x.com/SelebtwitMobil/status/1780889842626511222,Kalo lu beli EV (mobil listrik motor listrik) dan concern utama lu adalah kesehatan baterai terutama sengaja dijaga biar tinggi biar harga jual ga jatuh berarti emang lu masih miskin aja
Boeng_Galih,https://x.com/Boeng_Galih/status/1787076899375923555,sampai hari ini belum prnah berpapasan dengan Alva Cervo dijalanan Banjar hmmm...anomali nih .. apa gara² SPKLU nya kah msh jarang padahal kan bisa aja di charge dirumah
MazGondhez,https://x.com/MazGondhez/status/1760674210282950955,@sociotalker Bagi yang bingung maksud nya Prof silahkan pakai keyword 'stainless steel' Dan.. Para pejuang bangsa mungkin akan menangis kalau untuk sendok garpu pun bangsa ini masih bergantung dengan negara lain Food security itu luas bukan sekedar melulu kecukupan quantity nya
abahgiza,https://x.com/abahgiza/status/1786543189727629338,@AzzamIzzulhaq segala kredit kpd pak habibie itu sudah prstasi yg luar biasa indonesia cuma bikin airframe N-250 msin pnggerak buatan US. mohon di ingat nama awal CN-250 C nya kredit bagi prusahaan pnerbangan CASA Spanyol. bikin pesawat sendiri itu mitos!
f_yathir,https://x.com/f_yathir/status/1795986539429679297,@kumparan Berarti konsumennya pinter. Trend mobil listrik nggak akan lama. Mirip2 mobil BBG yg dulu heboh juga sekarang sudah nggak ada.
kasyfillah19,https://x.com/kasyfillah19/status/1790265120419205424,@lhayesno Kalo gw sih masih menikmati mobil bbm karena toh pada akhirnya kita harus ganti listrik kan? Jadi buat gw ngapain buru2 gw mau nikmatin mobil BBM dulu.
eskrimencair,https://x.com/eskrimencair/status/1795725028878909686,@muhararpajidi @innovacommunity Ya kali harga batrenya udah kayak seharga mobil
kabarbursacom,https://x.com/kabarbursacom/status/1795365650908790841,Kendaraan Listrik Diklaim Lebih Unggul dari Kendaraan BBM https://t.co/CRj7U7OVeE #KementerianESDM #Kendaraanlistrik #MobilListrik #MotorListrik #PLN #SPKLU
kompascom,https://x.com/kompascom/status/1795333822416052663,Pabrikan mobil listrik asal China Neta mengonfirmasi bahwa masih punya satu model andalan yang bakal meluncur di Indonesia. https://t.co/ga9BIRkaTN
muhyunan,https://x.com/muhyunan/status/1786628405729059136,@AzzamIzzulhaq unroll please @threadreaderapp
wegaws91,https://x.com/wegaws91/status/1773971559272907049,@SelebtwitMobil Yang lebih sempit lagi mobil listrik yang dikonversi dari sasis mobil ICE macam Kona EV gen 1. Duduk di baris keduanya berasa jongkok karena jarak kursi dengan lantai yang rendah.
AutonetMagz,https://x.com/AutonetMagz/status/1784039681606504936,Sidak insfrastruktur SPKLU untuk mobil listrik PLN Icon Plus gelar EV Journey Experience dari Jakarta ke Mandalika https://t.co/2mShcwk5x2 https://t.co/DwrEfPPqXO
gigih_mustika,https://x.com/gigih_mustika/status/1790416554016063990,@lhayesno Ganti baterai=turun mesin Coba kak hitung2 yNg konvensional. Kalo saya sih dengan harga mobil konvensional vs listrik secara perawatan dan konsumsi bahan bakar menang listrik. Gua emang gak punya mobil. Tapi gua punya motor listrik dan konvesional harga yang sama.
s_b_darmawan,https://x.com/s_b_darmawan/status/1752671714725761144,@wisnusuryapr Kuliah di Luar negeri di bayarin kuliah dlm negeri diutangin. Situ waras?
denken_29,https://x.com/denken_29/status/1789927931214491904,@investorgabut Oversupply... Pada akhirnya seperti perangkat telekomunikasi 4G dibuang ke sini... eh maaf maksud saya digunakan ulang ke Indonesia supaya bisa dinikmati oleh bangsa Indonesia atas nama sinyal pelosok gratis... Heuheuheu
harituday_,https://x.com/harituday_/status/1788455030493995165,@MuhadklyAcho Bener padahal suka banget jalan apalagi kalo cuaca mendukung tapi apalah daya cewe kalo ga liatin dari atas ke bawah ya di suit suitin 
jolayaw,https://x.com/jolayaw/status/1788414188613984535,@MuhadklyAcho Cuaca 35 40 ngini jalan kaki sini yg nulis coba buktikan
KTabahawa,https://x.com/KTabahawa/status/1758445385037820405,@_haye_ BBM subsidi dipotong dari Oktober 2024 Ntar makan gratis nya 2029 Keren
geloraco,https://x.com/geloraco/status/1792924077797056862,Pengamat: Starlink Hasil 'Tukar Guling' Proyek Ekosistem Mobil Listrik Elon Musk yang Batal Masuk https://t.co/GVLRzimn2F
yanlecunt,https://x.com/yanlecunt/status/1790403254217835003,@lhayesno Subsidi kendaraan ev gak diitung? https://t.co/G5K96gqQLb
mikkikoda,https://x.com/mikkikoda/status/1788426563463319714,@MuhadklyAcho Soalnya setiap jalan kaki di klakson mulu jadi males aja buat jalan kaki
pln_jabar,https://x.com/pln_jabar/status/1789601880924110960,Jalan bareng Bestie pakai kendaraan listrik siapa takut? #pln #plnjabar #plnmobile #BarayaUIDJabar #SPKLU #SPKLUPLN #electrifyinglifestyle #electricvehicle https://t.co/nXMUnLJ33e
CantYouSeeeee,https://x.com/CantYouSeeeee/status/1749994638130524597,@mouldie_sep Dari HP yg mana atu ni Om ?
Beritasatu,https://x.com/Beritasatu/status/1794150776606208323,Mobil Listrik GAC Aion Y Plus Uji Coba di Jalanan Jabodetabek Tanpa Kamuflase https://t.co/3f7dPNuNZ0 #beritasatu #news #berita
nanonux,https://x.com/nanonux/status/1788417792527737344,@MuhadklyAcho Sepeda listrik akan membuat perhitungan tahun depan semakin menurun.
andriudin09,https://x.com/andriudin09/status/1786740455591563592,@AzzamIzzulhaq yang ngurus negara yak otaknya.........anda bisa menilai lah
whreverur21,https://x.com/whreverur21/status/1745856856722206803,dia blg dia kmrn itu udh melakukan kebijakan2 untuk mobil listrik (ak kira dia jg subsidi mobil listrik TRNYT GAK) yg dia mau itu org2 pake tranportasi umum trus transportasi umumnya pake yg listrik krn klo subsidi pake uang pajak ms dikasih ke org kaya buat beli mobil listrik
rizqyirsyad,https://x.com/rizqyirsyad/status/1753294738088935619,@ainunrozi @tanyakanrl Ya ndak tau kok tanya saya.
idntalk_com,https://x.com/idntalk_com/status/1787981022505914714,Harga Baterai Dunia Turun Harga Mobil Listrik Tak Otomatis Turun | Kontan News https://t.co/uOn80idddM
VIVAcoid,https://x.com/VIVAcoid/status/1783066245014909142,Datang ke Jerman Menperin Singgung Mobil Listrik Kapan Volkswagen Bikin Baterai? https://t.co/peZKy4GKhi #Ramadan https://t.co/eYevuoY04c
twa767,https://x.com/twa767/status/1786554609617822068,@AzzamIzzulhaq Sebenernya China banyak sih bikin pesawat baik licensed copy unlicensed maupun desain asli. Contohnya.. 1. Shanghai Y-10 original design (1980s) 2. Xian JH-7 original design (1980s) 3. Xian MA-60 improvement model based on AN24 and Xian Y-7 https://t.co/trltsPB30L
jakesvarna,https://x.com/jakesvarna/status/1789125228112871768,@NOTASLIMBOY Tamiya turun harga juga ?
detikoto,https://x.com/detikoto/status/1762020440799674567,Daftar Harga Mobil Listrik yang Dapat Subsidi Tahun 2024 https://t.co/wZuVWs7Ohw
pejuangtimur98,https://x.com/pejuangtimur98/status/1786635022822510844,@AzzamIzzulhaq Sedih amat ya berpuluh tahun Jepang menjajah Indonesia dgn teknologi mobilnya dan entah bertahun2 yg akan datang akan kita terus dijajah dengan produk China Jepang dan negara2 lainnya 
BumnDprRapi,https://x.com/BumnDprRapi/status/1784823132483879383,Wah sekarang sudah enggak perlu khawatir lagi mudik perjalanan jauh dengan mobil listrik! Kini PLN sudah menghadirkan Stasiun Pengisian Kendaraan Listrik Umum (SPKLU) di seluruh rest area yang tersebar di sepanjang Tol Trans Sumatra-Jawa. https://t.co/rlJqLLfZHE
Pratama84413515,https://x.com/Pratama84413515/status/1753246699676749829,@worksfess Menguntungkan banget kalo pake mobil listrik ga pusing mikirin ganjil genap apa lagi Wuling BingouEv
detikoto,https://x.com/detikoto/status/1794205760370721209,Kata Elon Musk soal AS 'Lindungi' Negaranya dari Serbuan Mobil Listrik China https://t.co/QyOUYmbOHy
Fayfaye_,https://x.com/Fayfaye_/status/1760668241461145739,@sociotalker Esemka versi electric
azwar6102,https://x.com/azwar6102/status/1742856662367801614,Dikurangi untuk subsidi mobil listrik motor listrik dan IKN?
gita_gtandini,https://x.com/gita_gtandini/status/1789334836978823338,@dwnews Daripada boikot produk Israel lebih baik boikot mobil listrik karena dampak negatif produksi mobil listrik akibat tambang lithium nikel dll lebih berbahaya bagi kelestarian lingkungan hidup di banyak tempat di dunia.
politikana,https://x.com/politikana/status/1793686433812865181,Pemerintah Indonesia mentargetkan 2 juta unit mobil listrik dan 13 juta unit kendaraan listrik roda dua mengaspal pada 2030 https://t.co/sPWC0F0EVT
Marco_Alfa20,https://x.com/Marco_Alfa20/status/1786417294731772059,@AzzamIzzulhaq @Dedy_Haera Mereka bisa maju karena di negaranya itu akan di hukum mati jika ada yang korupsi. Beda jauh dengan Indonesia yang pengadaan Al-Qur'an saja dikorupsi. Di sini yang jujur diam. Yang TOLOL banyak.
ramsezrr,https://x.com/ramsezrr/status/1760964180063232033,@sociotalker Lort semua di duitin
ramadhandaniel,https://x.com/ramadhandaniel/status/1786555470318371322,@AzzamIzzulhaq oh ternyata buatan china sebagai player game @AirlinesManager sempet terheran di katalog game ada pesawat C919 dan baru saya lihat beberapa hari yg lalu dikira punya A &amp; B ternyata punyanya C.
vnderayaki,https://x.com/vnderayaki/status/1788738902536462814,@MuhadklyAcho Males mah males aja jangan malah nyalahin pemerintah 
golongansahaja,https://x.com/golongansahaja/status/1780970083332088134,@SelebtwitMobil Mana nyicil lagi 
uip3b_sulawesi,https://x.com/uip3b_sulawesi/status/1786558164076519777,PLN juga berinovasi mengembangkan 2.000 unit SPKLU pada tiang listrik (Pole Mounted) yang tersebar di seluruh Indonesia. #PLNMobile #ElectricVehicle
ryandzhunter,https://x.com/ryandzhunter/status/1753272698669810063,@ainunrozi @tanyakanrl karena pemerintahnya kan g naek transportasi umum seringnya tet tot tet tot uwiw uwiw di jalan
ehhhraii,https://x.com/ehhhraii/status/1760889366157873612,@sociotalker jdi pengen ngeluarin pantun jarjit
VoxYouths,https://x.com/VoxYouths/status/1765904151668748373,TERBONGKAR! Dampak Negatif Mobil Listrik Bagi Lingkungan yang Jarang Diketahui! #News #Mobillistrik #Dampaknegatif #ElectricVehicles #TechNews https://t.co/USSxJ4ltSZ
allbevine,https://x.com/allbevine/status/1785452147959910621,@ridwanhr Ini sistem nya yg sewa itu ya?
Redgerbil5,https://x.com/Redgerbil5/status/1760912495416668387,@sociotalker Asal pekerjanya 99% lokal gak apa2 sih tapi yg bakal terjadi tidak seperti itu. Yg perlu Pabrik eropa / USA / timtengah jadi gak dikasih remah2 seperti ini sama Zhongguo.
Suwarno37530152,https://x.com/Suwarno37530152/status/1791278478270320732,@lhayesno Ganti pakai andong Selain bisa menghasilkan uang juga ramah lingkungan... tentunya...sisa bahan bakar kudanya bisa buat pupuk komposs...
Baketrans,https://x.com/Baketrans/status/1772150299454513590,Supaya baterai kendaraan listrik kalian lebih awet dan tahan lama ternyata pemakaiannya tidak boleh sembarangan loh. Nah #SobatBijak yang punya mobil listrik ataupun berencana untuk membeli mobil listrik wajib simak info berikut ini nih! #MenghubungkanIndonesia https://t.co/xLVE3mWlxE
Arie_Kriting,https://x.com/Arie_Kriting/status/1788408873793335592,@MuhadklyAcho Terus Kang @solehsolihun selalu tersenyum toxic setiap saya bahas soal trotoar. ️
KATADATAcoid,https://x.com/KATADATAcoid/status/1777554577375781007,Pabrik Baterai Mobil Listrik Pertama RI Siap Beroperasi pada Mei 2024 https://t.co/Hly1zpk4cg
kynmngla,https://x.com/kynmngla/status/1790333573733687465,@lhayesno Orang2 yg beli mobil listrik udah ga mikir untung rugi
doh_boo,https://x.com/doh_boo/status/1788429366869020695,@MuhadklyAcho Mau nangis banget si ini kalo jalan. Padahal mah seneng banget jalan karna bisa mampir2.
HandaliBen12382,https://x.com/HandaliBen12382/status/1760864463941677384,@sociotalker Lebih mudah jualan sendok garpu dibanding jualan battery mobil listrik berbasis nikel jepang sdh memgembangkan bat dgn sodium nikelnya memang utk sendok garpu saja dan lain lain
invisible_mann_,https://x.com/invisible_mann_/status/1760929452220195317,@sociotalker Telattt mobil cina udah dari kapan tau masuk sini
mediaindonesia,https://x.com/mediaindonesia/status/1762414085868769528,Dalam rangka menggenjot penggunaan kendaraan listrik pemerintah kembali memangkas pajak untuk pembelian mobil dan bus listrik tertentu. https://t.co/kDogNnAjHg
lemonmarmalady,https://x.com/lemonmarmalady/status/1748522508842873011,Aneh bgt malah mobil listrik yg jelas2 above 300jt malah disubsidi. Lu kalo mau beralih ke EV krn menurut lu lebih r4maH Lin9kuN9aN tuh banyakin bis2 listrik bukan subsidi mobil mahal buat org kaya. Aneh emg negri ini
ningnungnangnin,https://x.com/ningnungnangnin/status/1788427326931574807,@MuhadklyAcho Trotoar dibagusin yg punya mobil mtor protes. Angkutan umum dibanyakin protes karena bikin macet. Emg perlu nambah mobil listrik aja
JWTseries,https://x.com/JWTseries/status/1786823892755169667,@AzzamIzzulhaq mirisnya negara ini ketika banyaknya harta dari negeri kepulauan yang beredar dan membantu industri negara lain malah gak ada support sama sekali dari tanah kelahiran. sangat di sayangkan
Ninjahatori941,https://x.com/Ninjahatori941/status/1753369941036986595,@ainunrozi @tanyakanrl Apa yang diharapkan dari regulator merangkap pengusaha .
SINDOnews,https://x.com/SINDOnews/status/1795081411051057622,Apa Keunggulan Baterai Solid State Dibandingkan NCM dan LFP di Mobil Listrik? https://t.co/gxxY6mQBdH
InfoHumasBMKG,https://x.com/InfoHumasBMKG/status/1785860167571267982,7) Selain itu PLN juga menyiapkan electric vehicle charging dengan rincian Stasiun Pengisian Kendaraan Listrik Umum (SPKLU) Ultra Fast Charging (UFC) sebanyak 12 unit SPKLU Standard Charging (SC) sebanyak 26 unit dan SPLU 20 unit.
CoenDan,https://x.com/CoenDan/status/1794036810815053991,@SelebtwitFess Enggak. Saat ini moblis cuma cocok buat mobil kedua atau ketiga dan udah punya mobil bbm dulu untuk mobil utamanya
VIVAcoid,https://x.com/VIVAcoid/status/1794275600737476979,Harga Hyundai Kona Electric Rakitan Lokal Dijual Rp 500 Jutaan Siap Jegal Mobil Listrik China https://t.co/QvK0BhF6Ux
lhayesno,https://x.com/lhayesno/status/1793602413494227430,Berapa hal yang menjadikan mobil listrik terbakar penyebabnya adalah: 1. Pengisi daya yang tidak sesuai 2. Pengisian daya yang berlebihan 3. Cacat pada baterai https://t.co/yE30RNSNkH
rmol_id,https://x.com/rmol_id/status/1758142008500330728,Resmi Mengaspal di Indonesia Ini Harga Mobil Listrik Mitsubishi L100 EV #MobilListrikMitsubishi #L100EV #Mitsubishi #MobilListrik #RMOL https://t.co/NdF0mZ3hNv
ridwanhr,https://x.com/ridwanhr/status/1785281237755777487,Gile mobil listrik baru harganya banting bantingan gini Neta V yang awalnya masuk di harga 378 juta sekarang jadi 200 jutaan doang faceliftnya Tapi sekarang rakit lokal baterai sedikit lebih kecil range sama Adas lengkap sampe bisa nyetir sendiri ada apple carplay pula https://t.co/wv21ChZu0j
hi_danti,https://x.com/hi_danti/status/1788409153775693998,@MuhadklyAcho Emang paling pinter pemerintah kita karena masyarakatnya malas aktivitas fisik (sesederhana jalan kaki) nanti case diabetes hipertensi jantung koroner makin melambung. Biaya kesehatan makin tinggi klaim ke rs makin nunggak. Emang pinter banget 
4rdn4n,https://x.com/4rdn4n/status/1782563312905183297,@SelebtwitMobil Kecuali orang menemukan alternatif lithium
detikoto,https://x.com/detikoto/status/1795737676127310283,Mobil Hybrid Bakal Dikasih Insentif Begini Tanggapan Produsen Mobil Listrik https://t.co/FailWm5cDe
Bisniscom,https://x.com/Bisniscom/status/1793504663742083389,Hyundai Siap Umumkan Harga Resmi PalisadeXRT dan Mobil Listrik Kona https://t.co/FNYo3YCypv
DelpieroAndrea2,https://x.com/DelpieroAndrea2/status/1752546174366793769,@worksfess mobil listrik apa aja klo penggunaanya di jakarta mah worth it2 aja soalnya bebas ganjil genap. btw mobilnya wuling yg satu ini kece jg designnya namanya binguo ya ternyata.
senyuuumdoong,https://x.com/senyuuumdoong/status/1758437826641985739,Yth @prabowo Hilangkan Subsidi BBM agr pemakai Mobil hanya yg MAMPU sj. subsidi :Angkot Anak sekolah flat 10 rb/ltr -transport umum Listrik Wajib. ( Bus dalam kota Travel ) - Bus Antar Kota- Prop. Subsidi flat 14.000 Subsidinya alihkan ke Makan vitamin anak sekolah.
justaufar,https://x.com/justaufar/status/1768630068371452240, Nyolongnya sebagian kelas menengah ini lewat tekanan kebijakan juga. Maunya bensin subsidi pajak mobil rendah protes infrastruktur protes industrialisasi manufaktur protes listrik murah (via PLTU) protes hilirisasi dll Modal comot judul berita clickbait utk justifikasi
vinchanii,https://x.com/vinchanii/status/1777036679087550749,@ridwanhr Coba cek ini ya guys.. https://t.co/bc6MYIVR71
im_yoopa,https://x.com/im_yoopa/status/1788443981929722340,@MuhadklyAcho Tapi trotoar Jakarta dan kota2 lain makin berbenah dan makin bagus.
RaniSaputri90,https://x.com/RaniSaputri90/status/1789943624559460434,@investorgabut Avanza aja 200an. Mana mungkin Tesla 100an.
detikcom,https://x.com/detikcom/status/1774751813205717136,Dokter wanita di Jambi tewas menabrak tiang listrik usai dikejar dan diteriaki maling mobil. Lalu bagaiamana kronologi kejadiannya? via @detik_sumbagsel https://t.co/vmAYXYZKqb
kompascom,https://x.com/kompascom/status/1795413868564693302,Produk GAC Aion bakal memiliki nilai jual tinggi dan siap bersaing dengan mobil listrik lainnya. https://t.co/TV0KwIiAO2
KhusnulRizqi,https://x.com/KhusnulRizqi/status/1786426130008088703,@AzzamIzzulhaq Klo diingat bikin sedih dan geregetan... Peluang jd negara maju didepan mata akhirnya pupuss gara2 orang yg hanya mementingkan perutnya sndiri...
detikcom,https://x.com/detikcom/status/1791436000264339493,Polisi menangkap sindikat maling mobil yang membenturkan korbannya ke tiang listrik di Bogor. Mobil yang dicuri itu sebelumnya dijual ke korban Rp 100 juta. https://t.co/EShI7wykQs
bawono_geo,https://x.com/bawono_geo/status/1790429410270802247,@lhayesno kalau masuk mobil hodrogen jg kelar ini mobil listrik
ryandzhunter,https://x.com/ryandzhunter/status/1789067659830755587,@NOTASLIMBOY yg sedih itu yg beli neta v awal2 eh udah ada neta v ii aja
rustamanuus158,https://x.com/rustamanuus158/status/1795452589309333567,@Udang_Rebon3 @AfifFuadS kl banser protes ..di tarik lg jatahnya hhhh
asfan_warah,https://x.com/asfan_warah/status/1785499466709323842,@ridwanhr itu harga segitu dg baterei skema beli apa sewa?
janjajanjaaan,https://x.com/janjajanjaaan/status/1760918513915662487,@sociotalker tahun 1960an korsel china indo ekonominya sama tahun 2024 china korsel udah sangat melejit ekonominya karena mindset mereka berkembang terus mindset pemerintah kita knp ga pernah berkembang ya? harusnya ikut membantu umkm jadi pelaku global bukan terus datengin investasi asing
aminoto7,https://x.com/aminoto7/status/1750377719165268019,@detikcom Knp media gak ada yg cek lsg ke Tesla kalo tdk salah kan ada yg jual disini cek speknya kan jadi clear berani ?
KompasData,https://x.com/KompasData/status/1776096991472406558,China Komplain ke WTO Soal Subsidi Mobil Listrik AS #Video #AdadiKompas https://t.co/5PNNibWHjE
boydenova13,https://x.com/boydenova13/status/1787123793368080600,@AzzamIzzulhaq Kenapa seperti itu? Karna budaya raup untung untuk kaum elitenya turun temurun coba ada yg memutus budaya tsb dan kita menganut paham berdikari saya yakin kita akan bersaing dgn China Rusia dan AS..
Haibara25,https://x.com/Haibara25/status/1782575901798182961,@SelebtwitMobil aku kmren mau beli ssd nvme 1tb. awalnya harga 650 okelah beli 2024 krn mau nabung dulu. lama2 kok naik jadi 800 eh skrg kok malah 1jt an. yowis gak jadi beli wkkwkk
dioaditya_,https://x.com/dioaditya_/status/1764786671080390674,Negara ngasih subsidi mobil listrik pembangkitnya masih mayoritas pake batubara. Cerdas
kejutam,https://x.com/kejutam/status/1788423222662455347,@MuhadklyAcho RILMIN!!!! trotoar ga beres rebutan sama pedagang tenda disuit2 ngabers jelek blm kalo ada yg nguntit. pdhl dulu pas kuliah masih kos aku lebih suka jalan kaki daripada naik motor.
si_energi,https://x.com/si_energi/status/1792603316553396392,111 unit SPKLU akan ditambahkan di berbagai ruas tol di Indonesia dengan melibatkan Asosiasi Pengusaha Rest Area Indonesia (APRESTINDO). #PLNSiagaIdulFitri1445H #MudikAsyikPLN2024 #PakaiMolisMakinAsyik #PLNMobileProliga2024 #JakartaElectricPLN https://t.co/fDswkDA3uf
MaliminRinaldi,https://x.com/MaliminRinaldi/status/1786560725584077207,@AzzamIzzulhaq Jangan kaget dgn kemajuan industri/teknologi China sekarang mereka sdh punya modal ( industri dan teknologi ) sebelum China membuka diri di awal era 1980an Setelah era itu mereka melompat dgn cepat dan maju secara sistimatis strategis dan terukur Ini kesalahan mendasar kita
sw33tb00ba1,https://x.com/sw33tb00ba1/status/1760861316858917273,@sociotalker Kan utk makan pasti perlu garpu sama sendok kan? Sekelas makan siang gratis dng biaya 15k/org bisa bergizi dan membuat generasi Indonesia emas bisa ciptakan mobil handphone &amp; lainny keren omonny di tiktok aj resep makanan sehat itu under 30k/porsi lah ini 15k blm makananny aj
fyasof83,https://x.com/fyasof83/status/1786397467564728542,@AzzamIzzulhaq Kalau masih ada Luhut dan Bahlil... Indonesia gak bakalan bisa maju
MSNindonesia,https://x.com/MSNindonesia/status/1793492221070651609,Penjualan Mobil Listrik April 2024 Terkoreksi Wuling Cloud EV Terlaris https://t.co/npFVxg7KGR
tempodotco,https://x.com/tempodotco/status/1793539679557439728,Voltron Sediakan Enam Mesin SPKLU di Batavia PIK https://t.co/7nMWUxxU8v #GoOto
jimnyAslidik,https://x.com/jimnyAslidik/status/1790234318851461293,@lhayesno Dengan kenaikan harga bbm berbasis fosil kemudian perubahan iklim tenaga listrik untuk kendaraan mulai masuk akal
detikcom,https://x.com/detikcom/status/1790986286561677745,Tiga pelaku pencurian mobil yang membenturkan korban ke tiang listrik di Kota Bogor ditangkap polisi. Begini tampang ketiga pelaku sadis itu. https://t.co/q3YqKkZUDk
cnbcindonesia,https://x.com/cnbcindonesia/status/1790999563006104026,PLN Bakal Tambah 111 SPKLU di Berbagai Lokasi Rest Area https://t.co/cEPydL8pZl
MSNindonesia,https://x.com/MSNindonesia/status/1793432325390258522,[POPULER OTOMOTIF] Mobil Alami Rem Blong Kenapa Tidak Cabut Kunci | Rush Kuasai Segmen Low SUV April 2024 | Investasi Mobil Listrik Lebih Menguntungkan Indonesia Dibanding Hybrid https://t.co/4qsTygqVJi
100kpjcom,https://x.com/100kpjcom/status/1770585891687506300,Harga All New Hyundai Kona EV Buatan RI Bersaing dengan Mobil Listrik China https://t.co/nbMUOWc7kb
iaayayaw,https://x.com/iaayayaw/status/1753245816276636071,@ainunrozi @tanyakanrl Kurang kenceng suaramuu banggg!!!
arethesunshine,https://x.com/arethesunshine/status/1788452409053995116,@MuhadklyAcho Pejalan kaki malah diklaksonin motor tuh gimana konsepnya
void_cure,https://x.com/void_cure/status/1749081576091340908,@admn_yami penjelasan lebih jelas dibanding cawapres tsb o7
erickeman,https://x.com/erickeman/status/1789922765849436301,@investorgabut akan ada saatnya mobkas EV tangan pertama akan langsung jadi scrap karena ga laku dan harga ganti komponen baterai ga worth it.
kongwannabe,https://x.com/kongwannabe/status/1788407353051934986,@MuhadklyAcho Trotoar dilebarin malah buat jualan
Wijen33599280,https://x.com/Wijen33599280/status/1760852950552056071,@sociotalker Dikibulin lagi ama china menlend tapi kenapa mereka gak sadar yah?? Coba tanya TOT kereta cepat sudah belahar apa dari sana?? 
tempodotco,https://x.com/tempodotco/status/1793212261106147630,Harga Spesial Mobil Listrik Neta V-II Rp 299 Juta Bergaransi Seumur Hidup https://t.co/XCTSSxCnFo #GoOto
aken_zank,https://x.com/aken_zank/status/1795726877665202459,@muhararpajidi @innovacommunity Betul yg logis aja dulu saat ini mah... Apalagi isi dompet ngepres pisan geus NU Aya Weh di syukuri 
loopseey,https://x.com/loopseey/status/1788586912812507582,@MuhadklyAcho Gua jalan kaki kalo tujuannya masih bisa keliatan pake mata. Gua nyumbang tuh sacenggo langkah.
SumediTanjung,https://x.com/SumediTanjung/status/1790336690416226679,@lhayesno Ngak sanggup biayanya terlalu tinggi lebih baik pakai sepeda motor aja kemana pergi biaya murah.
KtbRizman,https://x.com/KtbRizman/status/1760801268065509376,@sociotalker Kedok utk menyerahkan bumi pertiwi kpd asing aseng knp semua hrs tiongkok apa gk ada negara lain
monmaap09,https://x.com/monmaap09/status/1749995411522437237,@mouldie_sep Pabriknya lagi kena kasus pencemaran polusi lagi ditutup dulu pabriknya. Makanya langit jkt biru akakak
Baliportal_news,https://x.com/Baliportal_news/status/1758676533592432722,Fitur Pintar Mobil Listrik NETA V Lebih Efisien Daya Baterai dan Nyaman dalam Berkendara https://t.co/7igPb3Y4Jw lewat @baliportal_news
wawa_huwa,https://x.com/wawa_huwa/status/1790262568269037625,@lhayesno Untung yg pake BBM sih..
HermanHermawan_,https://x.com/HermanHermawan_/status/1786734236705452254,@AzzamIzzulhaq Indonesia tidak akan pernah maju karena orang cerdas dan ingin memajukan bangsa ini sudah pasti akan di singkirkan.
adi_akkira,https://x.com/adi_akkira/status/1754100742779244671,@detikcom Jgn heran. Krn kita kan org kaya semua. Wkwkwkk
theWONGSO,https://x.com/theWONGSO/status/1750377465145606647,@detikcom Opung Luhut Musk sedang klarifikasi
kompascom,https://x.com/kompascom/status/1775079751067291682,Pebisnis rental mulai tertarik menyewakan mobil hybrid tapi tidak dengan mobil listrik berbasis baterai alias BEV. https://t.co/SlqMZk0MKT
hariankompas,https://x.com/hariankompas/status/1758112229008801960,Di IIMS 2024 BYD merilis harga resmi untuk mobil listrik yang dipasarkan di Indonesia. #Ekonomi #AdadiKompas https://t.co/w3Q1OYkZZe
kumparan,https://x.com/kumparan/status/1788382428270333989,Totalnya ada 9 ribuan mobil listrik Hyundai terdampak recall di Indonesia untuk pemutakhiran software pengisian baterai. https://t.co/EUhWBeBRdR
detikcom,https://x.com/detikcom/status/1751883377131639241,Tom Lembong merespon Luhut soal pengembangan baterai LFP bersama China di akun X. Begini respon Tom Lembong. https://t.co/aEUw9DOj2w
portal_komplex,https://x.com/portal_komplex/status/1760808332904759554,@sociotalker Berbaik sangkalah. Siapa tahu yang mau dibuat nanti garpu dan sendok plastik. Ya kan hari ini bilang nikel besok jadinya plastik bisa saja di rezim ini. 
ririsa064,https://x.com/ririsa064/status/1760839344066330946,@sociotalker The real antek asing
munnmamunn,https://x.com/munnmamunn/status/1790330803844784436,@lhayesno jangan lupa baterai itu jadi bahan pencemaran lingkungan yang sampai saat ini belum ada biaya murah untuk menanggulanginya 
tempodotco,https://x.com/tempodotco/status/1775422254865953076,8 Tips Mudik Pakai Mobil Listrik Agar Hemat Baterai https://t.co/P8QziUCUsb #TempoRamadan
kukuyuyuk,https://x.com/kukuyuyuk/status/1789273284464562628,@NOTASLIMBOY Para korban hype jadinya pada beli gengsi doang
kangfubaik,https://x.com/kangfubaik/status/1749994625685942563,@mouldie_sep kalo bapak punya saham nikel mungkin bisa jadi
kumpulanSBY,https://x.com/kumpulanSBY/status/1787315737235017746,Komunitas Motor Listrik Jatim Makin Banyak Tapi Penyediaan SPKLU Masih Kurang https://t.co/umV9kU1kG0
mnurihsan,https://x.com/mnurihsan/status/1750002780230848663,@mouldie_sep Ya karena mau ada bangun pabrik EV 
Swastamitaarun4,https://x.com/Swastamitaarun4/status/1780903733578350960,@SelebtwitMobil Ril min makannya aku gak punya EV/iphone karena aku rakyat jelata
PendhekDian,https://x.com/PendhekDian/status/1790274114424541320,@lhayesno Kalo Indonesia bisa produksi batere aendiri sgn masif paati jatuhnya lebih murah karena punya tambang nikel tembaga timah yg jadi masalah negara tidaak berdaya dalam mengelolah tambang2 tsb jatuhnya malah jadi bancakan penguasa bersama para cukongnya. Negara gak berdaya!
100kpjcom,https://x.com/100kpjcom/status/1775604723212759424,Beli Mobil Listrik VinFast Perlu Siapkan Uang Segini Untuk Sewa Baterai Per Bulan https://t.co/q3AwbObA0v
CNNIndonesia,https://x.com/CNNIndonesia/status/1795114592655597948,AS Segera Ketok Pajak Impor Mobil Listrik China Naik 100 Persen https://t.co/dFhMUeOQTC
amzzame,https://x.com/amzzame/status/1790516052893528501,@lhayesno Batere mobil tuh sama kayak batre elektronic device lainnya ga sih? Maksudnya yang kalo salah ngerawat bisa degradasi lebih cepet? Kayak misal kalo batre elektronik kan kalo sering sampe abis bis baru dicharge itu kan bikin cepet turun kapasitasnya. EV gimana batrenya?
maroonslegacy,https://x.com/maroonslegacy/status/1795747006838894608,ga tuh. tetangga kanan kiri gue baru beli mobil listrik.
VillageJaguar,https://x.com/VillageJaguar/status/1790266516421869706,@lhayesno Tp gak ada pajak tahunan. Cuma bayar 100rb utk SWDKLLJ dan admin 100rb
news24_coid,https://x.com/news24_coid/status/1791696787809677408,Jelang KTT WWF ke 10 Bali PLN Siapkan 52 SPKLU Layani Mobil Listrik Delegasi https://t.co/OAG0zNhITZ https://t.co/sjzLA9F43Y
officialinews_,https://x.com/officialinews_/status/1782655922789294569,PLN Bakal Sulap 2.000 Tiang Listrik Jadi SPKLU Pengisian Baterai Mobil https://t.co/sip0bYJXfY
SkuterisMilitan,https://x.com/SkuterisMilitan/status/1788419304985428476,@MuhadklyAcho Pas jalan kdg kaki naik ke aspal diklakson dr belakang jd turun lagi k tanah liat ada cewe di-catcalling pen gebukin mas2 jele eh ingat bs jd tersangka. Rebahan di rumah gada gangguan tinggal online minuman manis2 hari tua ngantri bpjs di RSUD pejabat berobat di SG. Siklus.
ach_alfarisi,https://x.com/ach_alfarisi/status/1752616001487937874,@wisnusuryapr Emang logika di negri ini suka kebalik bolak
detikcom,https://x.com/detikcom/status/1791463682259730825,Polisi ungkap fakta baru kasus maling mobil benturkan korban ke tiang listrik di Bogor. Pelaku sudah incar lima mobil yang sudah dipasangi alat pelacak untuk dicuri. https://t.co/PJUjM5NBiW
c4pedbaldy,https://x.com/c4pedbaldy/status/1790411877023146177,@lhayesno Kirain bakal ada analisis lebih detail taunya cuma yaudhlah
pln_suluttenggo,https://x.com/pln_suluttenggo/status/1788436543230898684,Pilih sesuai electrizen pe kebutuhan neh! #PLN #PLNuntukIndonesia #PLNSuluttenggo #PLNMobile #UnleashingEnergyandBeyond #BUMN #PLNSuluttenggo #SPKLU https://t.co/NKyVyhHj3G
lintangcahya,https://x.com/lintangcahya/status/1790274124922982675,@lhayesno Ga usah dipikirin mas orang sudah mampu beli mobil listrik artinya dia mampu perawatannya juga se simpel itu.
ikyprima,https://x.com/ikyprima/status/1790542971584299437,@lhayesno Umur mobil 4 tahun jual 
damoniac,https://x.com/damoniac/status/1790738510930125275,PLN Bakal Tambah 111 SPKLU di Berbagai Lokasi Rest Area https://t.co/EArXL1gerf
Sapta_Combo,https://x.com/Sapta_Combo/status/1749637684170236216,@Kanseulir Ya taulah pesenan siapa?? Bapak batre Indonesia
papatongsquad,https://x.com/papatongsquad/status/1790863837836816668,@lhayesno Yang rumah nya di dataran tinggi naik gunung turun gunung ke nya bakalan cepet drop batre nya..
RovHarry,https://x.com/RovHarry/status/1790452381517287623,@lhayesno ternak belut listrik jadi gratis ngak perli bayar bulanan.. paling cuman kasih makan aja.. mash lebih murah.. ngak kena biaya ppn dll..
tasyarmh,https://x.com/tasyarmh/status/1743359566681981070,That s why kalo di kelas ditanya ttg subsidi mobil listrik sbg upaya pemerintah u/ isu perubahan iklim gw gk pernah setuju!! ⬇️Ini nih contohnya masa pemerintah cosplay jd seles mobil bjir Kebijakannya cuman buat kepentingan cukong.
DeAstorias75,https://x.com/DeAstorias75/status/1790318506178912470,@lhayesno Saya pemilik mobil listrik merek lain.. Sudah hitung perbedaan : 1. BBM (kalo harga mobil segitu normalnya pertamax yah) 2. Pajak 3. Maintenance
apankzz,https://x.com/apankzz/status/1790326391290159472,@lhayesno Jgn gitu ahh itungannya.. 6 tahun itu bukan berarti batre lgsg ga bs di pake.. tergantung bnyk hal.. ada yg msh 80% bagus..
rizalbakrie,https://x.com/rizalbakrie/status/1789130042611757411,@NOTASLIMBOY Kalau menurut saya sih lebih kepada persaingan bisnis di segmen EV semata. Utk tekhnologi bakalan terus mengalami kemajuan EV ini. Setiap permasalahan yg muncul di EV sekarang ini tentu pabrikan sudah mengumpulkan data yg akan menjadi solusi kedepannya.
herdyyudhaskara,https://x.com/herdyyudhaskara/status/1782300623125500415,@SelebtwitMobil Dulu banget beli ssd ocz vertex 240gb di harga 2.5 juta 
VIVAcoid,https://x.com/VIVAcoid/status/1794253211756642773,Sebelum Dijual Mobil Listrik China Ini Uji Coba di Jalan Gimana Hasilnya? https://t.co/QO3WmUM7dk
SelebtwitMobil,https://x.com/SelebtwitMobil/status/1774348818571763867,@ridwanhr EV 300 jutaan terbaik menurutku kayaknya ini mobil dg V2L termurah di Indonesia Cukup bermanfaat khususnya utk yg tinggal di daerah yg listriknya sering padam https://t.co/lTom7f7hG3
VIVAcoid,https://x.com/VIVAcoid/status/1784552279766671811,Daftar 5 Mobil Listrik Bekas yang Harga Jualnya Tinggi https://t.co/tbUVlJCHee
threadshopee,https://x.com/threadshopee/status/1773200979342540914,@convomf Dia tau ga sih harga mobil listrik Hyundai yang dia tabrak berapa? Belum yang lainnya
Bud_Cavalera,https://x.com/Bud_Cavalera/status/1754080677988102449,Kritik revisi uu kpk plng vocal Kritik omnibus law plng brutal Kritik ikn plng frontal Kritik tiket pesawat mahal plng sadis Kritik penanganan pandemi covid plng bengis Kritik subsidi mobil listrik plng nyaring Kritik ekspor pasir laut plng kenceng Jilat ludah paling menjijikan
biolahitam,https://x.com/biolahitam/status/1752586206121259484,Oh subsidi mobil listrik jauh lebih penting daripada pendidikan.
rumahalinsyiroh,https://x.com/rumahalinsyiroh/status/1774353687579955521,@ridwanhr Pak gub gak ada ya mobil murah2 yg bs diangsur ringan buat operasional yayasan tahun ke tiga nih antar jemput anak2 panti utk kursus make mobil pinjaman
Lasanna0,https://x.com/Lasanna0/status/1786561835690521006,@AzzamIzzulhaq dan sekarang sisa 30%an engineer anak muda di badan usaha tsb karena minimnya atensi stakeholdernya sisanya generasi senior yg menunggu masa pensiunnya.
1M_JUSTMAN,https://x.com/1M_JUSTMAN/status/1794158480565342332,@SelebtwitFess Hybrid mah gapapa kalo full mobil listrik kayak hyundai ioniq saranku jangan kecuali kotamu Surabaya jakarta dan sekitarnya
pln_jabar,https://x.com/pln_jabar/status/1785186837184889049,Arus Mudik dan Balik telah usai. Namun ada cerita menarik nih dari Dodi Prapanca salah satu pengguna Electric Vehicle (Kendaraan Listrik) di Arus Mudik kemarin. #PLN #PLNUntukIndonesia #ElectricVehicle #SPKLU #PLNJabar #BarayaUIDJabar https://t.co/vocxLL0pog
yudhoR,https://x.com/yudhoR/status/1790289438934999176,@lhayesno Tapi naik mobil listrik itu enak (banget). Jadi jangan samain kayak naik avanza. Kalo hitungan di atas itu lebih mahal dibanding pengeluaran mingguan saat ini ya anggep aja itu biaya upgrade mobil juga. Atau mau apple to apple ya bandinginnya sama konsumsi bbm mobil sport eropa.
KompasOtomotif,https://x.com/KompasOtomotif/status/1759119953167565009,Sebelum terkenal sebagai produsen mobil listrik BYD memulai langkahnya dengan menjadi produsen baterai. https://t.co/UX6f7NJmCG
detikcom,https://x.com/detikcom/status/1748194067803222435,Merek mobil listrik terlaris di dunia ini meluncurkan tiga mobil listrik sekaligus. Semuanya menggunakan baterai tipe Blade Battery. https://t.co/HdgQri01VT
AwanM3ndung,https://x.com/AwanM3ndung/status/1788419638554202215,@MuhadklyAcho Gibran aja gak mau jalan kaki maunya digendong bapaknya 
kura2giok,https://x.com/kura2giok/status/1788726728501961100,@MuhadklyAcho SEMBARANGAN!!! Jangan digeneralisir bahwa semua orang jalan 3 500 langkah per hari kemaren aja gue jalan 3 576 langkah!!!!
otosia,https://x.com/otosia/status/1794368343593672770,Trio Mobil Listrik Wuling Jadi Kendaraan Delegasi World Water Forum 2024 https://t.co/w1tDfu3xuj
100kpjcom,https://x.com/100kpjcom/status/1763506255543546349,Anak Buah Luhut Sebut Baterai Nikel Buat Mobil Listrik Kelas Atas Gimana LFP? https://t.co/Eqf30vKjSe
KompasTV,https://x.com/KompasTV/status/1760168788484673910,Diskon Pajak Mobil Listrik Berlanjut Pembeli Hanya Perlu Membayar 1 Persen dari Harga Jual https://t.co/zaUmXscqoY
ForHumBUMN,https://x.com/ForHumBUMN/status/1790952115818701304,PT PLN (Persero) melalui anak usahanya PLN Haleyora Power akan menambah 111 unit Stasiun Pengisian Kendaraan Listrik Umum (SPKLU) di berbagai ruas tol di Indonesia. https://t.co/WrddVImQ2K
CNNIndonesia,https://x.com/CNNIndonesia/status/1746329474449457598,Wuling Binguo Sah Dapat Subsidi Mobil Listrik Harga Turun Rp30 Jutaan https://t.co/Bjdk5GhXMB
Mas_Hario,https://x.com/Mas_Hario/status/1785286081967223126,@ridwanhr Wuling binguo dan air ev terdiam dipojokkan ngitung_ngitung harga baru.. 
kumparan,https://x.com/kumparan/status/1792345885411881124,Hadapi gempuran mobil listrik murah dari China Hyundai persiapkan Kona EV pakai baterai lokal dan bakal dijual terjangkau. https://t.co/2ZvLqUPUgc
bakuldvdglodok,https://x.com/bakuldvdglodok/status/1758730049925365932,Faktor yang bikin masyarakat merasa puas adalah oposisi yang tidak ada padahal imbas naiknya harga karena kebijakan-kebijakan yang dibuat pemerintah yang tidak pro dengan rakyat kecil menengah. Lebih lucunya pemerintah galak banget untuk subsidi mobil listrik.
FannyDesvia,https://x.com/FannyDesvia/status/1788432749583552918,@MuhadklyAcho Makasih ya mas Acho sudah disuarakan Dari kemarin juga banyak reels yg kontennya di negara lain jalan bisa puluhan ribu langkah tp giliran di negara sendiri deket aja pesen ojol 
hariankompas,https://x.com/hariankompas/status/1763546626302632378,Insentif itu memberikan berbagai keringanan pajak. Harapannya bisa menurunkan juga harga jual mobil listrik. https://t.co/sCcqTivCki #Ekonomi #AdadiKompas
zigizagto,https://x.com/zigizagto/status/1789885286643585122,@investorgabut Terima kasih masukannya semoga menyala selalu
bagjoz,https://x.com/bagjoz/status/1789315863474217278,@NOTASLIMBOY Dikira pabrikan mobil listrik gak mikirin batre yg di khawatirkan batre rusak batre rusak ngapain khawatir batre rusak yg khawatirin mah duitnya
EDH012,https://x.com/EDH012/status/1789333978841063738,@NOTASLIMBOY Gak tertarik beli EV mahal.
fabianjrit,https://x.com/fabianjrit/status/1774541036544721231,@ridwanhr Yg plg menarik di aspek garansinya sih. Walopun pasti ada t&amp;c nya. Cm pabrikan lain jg pikir2 mau nyamain. Krn komponen baterai yg cukup mahal dibanding komponen lain. Cocok utk mobil ke 2 sih ini. Hemat biaya!
detikcom,https://x.com/detikcom/status/1783440817635340450,Korban terluka di kepala setelah dibenturkan ke tiang listrik oleh pencuri mobil di Bogor. Polisi menyebut korban sampai saat ini belum sadarkan diri. https://t.co/SAE5s2JQ17
megane_brai,https://x.com/megane_brai/status/1785598483938074977,@ridwanhr Mobil gak dulu deh pak gub tapi kalo motor boleh deh. Worth it banget kalo motor listrik.
_jauhpergi,https://x.com/_jauhpergi/status/1774452880847905067,@ridwanhr Tampangnya itu loh sgt generik haduh haduh macam mobil NPC gta
mas_aro,https://x.com/mas_aro/status/1796005816358563853,@kumparan dagang kok ngeluh dia beli berapa jual berapa klo belinya ketinggian trs gk laku ya salah dia sendiri toh 
detikcom,https://x.com/detikcom/status/1775016054231589104,Dokter Dwi Fatimahyen dikejar warga dan polisi serta diteriaki pencuri mobil. Pengejaran berujung dokter Dwi menabrak tiang listrik. Dokter muda itu meninggal. via @detik_sumbagsel https://t.co/LBjMt6R0ZW
SahabatPLNJkt,https://x.com/SahabatPLNJkt/status/1789568290106532343,SPKLU sangat diperlukan untuk mendukung ekosistem kendaraan listrik. Ada beberapa jenis SPKLU salah satunya SPKLU Ultra Fast Charging. Meskipun saat ini sudah tersedia di banyak daerah di Indonesia ternyata SPKLU Ultra Fast Charging pertama ada di Bali lho! #PLN #PLN_Disjaya https://t.co/3cLptGkY4c
IsalCoy89,https://x.com/IsalCoy89/status/1788435239389585597,@MuhadklyAcho Gue rajin jalan kali kalo dikampung doang udara enak suasana asri.
kompascom,https://x.com/kompascom/status/1785227233722044561,Wuling turut mengumumkan bahwa mobil listrik Cloud EV sudah bisa dipesan oleh konsumen di Indonesia dengan estimasi harga Rp 410 juta. https://t.co/tDSFGdchwS
motorplusweekly,https://x.com/motorplusweekly/status/1794269923218530779,Vinfast Produksi Motor Listrik Tak Hanya Mobil Listrik Bakal Dijual di Indonesia? https://t.co/jPa0ITaA6Y
VIVAcoid,https://x.com/VIVAcoid/status/1795746712159690870,Toyota Gazoo Racing Tidak Akan Bikin Mobil Listrik di Masa Depan https://t.co/eYh4oHpGv8
detikoto,https://x.com/detikoto/status/1780154745820471545,Gokil! Isi Daya Baterai Mobil Listrik Ini Hanya Butuh Waktu 11 Menit https://t.co/hz91WfLXFM
detikcom,https://x.com/detikcom/status/1790693607705362493,AS umumkan kenaikan tarif untuk barang-barang yang berasal dari China. Tarif itu meningkat dari 25% jadi 100%. Semikonduktor sel surya baterai kendaraan listrik termasuk yang terkena dampaknya. https://t.co/2H3zlMIpGu
oritiro,https://x.com/oritiro/status/1785293019396341859,@ridwanhr Ini jd listrik juga kah pak Gub? https://t.co/zmIl378YfE
kompascom,https://x.com/kompascom/status/1792891983759077773,Meskipun sudah dibekali dengan baterai berkapasitas besar tapi mobil listrik tetap mengandalkan aki dan fungsinya juga sangat penting. https://t.co/Yc0A3UV4zC
BeeetheBoss,https://x.com/BeeetheBoss/status/1789444981146714311,@NOTASLIMBOY Yg jd masalah itu sebenarnya EV bekas.. pasar EV bekas gk ada yg mau beli.. jd kalo orang mau ganti EV baru bakal mikir EV lamanya jd barang rongsokan.
mujiandikpraset,https://x.com/mujiandikpraset/status/1788442376211726497,@MuhadklyAcho trotoar banyak lubang dan di buat parkir dan jualan
RWeejaya,https://x.com/RWeejaya/status/1789982524581576791,@investorgabut Belom punya garasi sok sok an beli mobil EV Rumah dalam gang sok sok an beli mobil EV Ngecasnya mau pake kabel rol...
uip3b_sulawesi,https://x.com/uip3b_sulawesi/status/1788074823052353852,Saat ini PLN sudah membangun 1.370 unit SPKLU 2.182 unit SPBKLU dan 9.886 unit SPLU di Indonesia yang terintegrasi dengan PLN Mobile. #PLNSiagaIdulFitri1445H #MudikAsyikPLN2024
IndraJatmiko8,https://x.com/IndraJatmiko8/status/1787005148092637502,@AzzamIzzulhaq Hopeless dengan Indonesia. Dengan begitu banyaknya ketidak normalan etika yg terus dinormalisasi. (Tidak terkait pemilu)
hahtukangkeong,https://x.com/hahtukangkeong/status/1794021330351964450,udah dibilang transum ni penting direvit semua tempat biar masy ngerasa nyaman aman dan mau terus2an pakeny. ni malah subsidi mobil listrik lagi tar macet ngeluh lagi. plr.
GATRA_com,https://x.com/GATRA_com/status/1775538754872344667,VinFast Umumkan Harga Langganan Baterai Mobil LIstrik https://t.co/u9on8jolxy
jalli_jail_,https://x.com/jalli_jail_/status/1790402020781986278,@lhayesno smoga mencerahkan... https://t.co/Tx2ZTz0GLT
sembarangaelah,https://x.com/sembarangaelah/status/1788427038757695997,@MuhadklyAcho itu yang nyurvei suruh coba jalan kaki dulu deh di Indo. biar ngrasain dulu 'rasanya' 
koensri,https://x.com/koensri/status/1786540582535639143,@AzzamIzzulhaq Istilah Era Tinggal Landas saat itu ternyata bukan sekedar slogan.
Prapto3x,https://x.com/Prapto3x/status/1789143485129609443,@NOTASLIMBOY Pada sadar gak sih merk jepang di Indonesia yang keluarin mobil listrik cuma Toyota Lexus dan Nissan...dan disitu penjualannya gak ada yang bagus apalagi Nissan
LUSlANNA,https://x.com/LUSlANNA/status/1781156599371034901,dpt subsidi mobil listrik jg gksi kalo begitu? sorry if this a silly question
TribunJualBeli,https://x.com/TribunJualBeli/status/1759484225856868817, Cek Daftar Harga Mobil Listrik di IIMS 2024 Termurah Dibanderol Rp 190 Juta Indonesia Internasional Motor Show (IIMS) merupakan pameran otomotif tahunan. Digelar pada 15-25 Februari 2024 di JIExpo Kemayoran Jakarta Pusat. https://t.co/0cLfUIrFvL lewat @tribunjualbeli
detikoto,https://x.com/detikoto/status/1747172806167818582,Mobil Hybrid Lebih Laris dari Mobil Listrik Meski Tanpa Subsidi Kenapa? https://t.co/xkIe6WUKys
squidwaaaarrd,https://x.com/squidwaaaarrd/status/1788426456256901390,@MuhadklyAcho Meanwhile gue yg seneng bgt soal jalan kaki kaya seru aja
Prapto3x,https://x.com/Prapto3x/status/1785520766433587626,@ridwanhr 10 tahun lagi apakah atpmnya masih ada ?
Ari_Berboedi,https://x.com/Ari_Berboedi/status/1788419469645402435,@MuhadklyAcho Bukan males jalan tapi males disuruh ikut ninja warrior
andika_ppoetra,https://x.com/andika_ppoetra/status/1785443960649118119,@ridwanhr Msih kayak squeeze gk pak gub rasa pedalnya yg facelift ini ? Di tunggu reviewnya
katadataoto,https://x.com/katadataoto/status/1795273930967769185,Meski dihadang impor mobil listrik China ternyata justru populer di kalangan usia milenial dan Gen Z Amerika https://t.co/5PlTW8F76w
veroaktivis,https://x.com/veroaktivis/status/1763758714698502180,@aldewatakoe Ya namanya demokrasi ya wajar ada yang berbeda dengan kebijakan pemerintah. Gak 100 persen pasti baik bisa aja salah . Misalnya subsidi pembeli mobil listrik vs mensubsidi kendaraan umum. Mana yang lebih baik?
Brahim_maldini,https://x.com/Brahim_maldini/status/1750410033165439001,@detikcom Udah dari 2021 keles..makanya ogah bangun pabrik di Indo ‍️ https://t.co/zV713DSDLL
pln_sulselrabar,https://x.com/pln_sulselrabar/status/1795346165074170011,Jalan-jalan ke Kota Surabaya Lanjut tamasya ke Pulau Bali Hi Electrizen di hari Selasa yang ceria Quiz Time hadir kembali . Hi Electrizen kira-kira mobil manakah yang paling cepat sampai ke SPKLU ya? kalau kamu tau jawabannya langsung tulis jawabanmu dikolom komentar ya! https://t.co/2V2nn6lkom
TukangJahitICT,https://x.com/TukangJahitICT/status/1785423833534722468,@ridwanhr Kalo dipakai setahun terus dijual ada yg mau beli gak?
jogmfs,https://x.com/jogmfs/status/1758325483006279958,Halo jog ada yg punya mobil listrik nggak ya? Berkenan buat dipinjem sebentar utk konten charging spot? Free charge juga mobilnyaa!! Thanks rep pls
reyshptr,https://x.com/reyshptr/status/1788409413516353673,@MuhadklyAcho Trotoar isinya ora jualan. Lamongan martabak nasgor sate dll dll gimana mau jalan kaki ya 
setyadi27,https://x.com/setyadi27/status/1751886006285123887,@detikcom Indonesia tidak perlu memaksakan LFP.. Bikin saja Baterei tenaga nuklir Dipakai seumur hidup tidak perlu isi ulang .
detikcom,https://x.com/detikcom/status/1793596485650747628,Meski harga resmi Neta V-II baru diumumkan namun Neta Indonesia mengklaim mobil listriknya sudah dipesan sebanyak lebih dari 200 unit. Via: @detikoto https://t.co/46VEuTIR4A
HMMurah3,https://x.com/HMMurah3/status/1763539854871421225,Thailand Petani Di Biayai Kerajaan Agar Komoditas Pertanian Maju Petani Sejahtera dgn ekpor Maju Pemerintah Tapi RI Subsidi Pupuk Petani Dikurangi Buat Subsidi Konglo Sawit Mobil Listrik Bangun KA Cepat China Penetapan Harga Gabah Petani Rp4500 di Pasar Tengkulak Rp 6500 Rp7500
idangz,https://x.com/idangz/status/1772503446308245606,@adnardn Justru duit mereka itu dari yang tidak bayar pajak ya. Marah tuh kalo duit pajak malah dipake buat subsidi mobil listrik ratusan juta.
checkblokes,https://x.com/checkblokes/status/1790678488594485519,@lhayesno Mobil bensin seenggaknya 15 taun masih idup. Apa lg yg produksi jepang minimal 20 taun masih aman
royliyah,https://x.com/royliyah/status/1790284451928592686,H+1 SPKLU (non-PLN) buka di Medan
idx_channel,https://x.com/idx_channel/status/1763210014355763566,Usai Luncurkan Mobil Listrik Huawei Ambisi Bikin Stasiun Pengisian Baterai Tercepat https://t.co/E06E5riXjb
politiknesiacom,https://x.com/politiknesiacom/status/1774466684574679231,Menperin Agus Gumiwang: Jika RI Produksi Baterai Sendiri Harga Mobil Listrik Bisa Turun Hingga 30 Persen https://t.co/KlAndFt9pQ
djokoscooter,https://x.com/djokoscooter/status/1788440740219277553,@MuhadklyAcho Tapi pas lebaran dimana notabene nya yg tersisa di jakarta emang orang asli yg udh tinggal lama di jakarta or gabisa mudik bisa dibilang almost gak ada yg ngelanggar peraturan lalu lintas. EMG PENYAKITNYA DI ORANG KAMPUNG TOLOL YG NUMPANG HIDUP DI JAKARTA MEREKA YG BIKIN GAK ENAK
auliaksd24,https://x.com/auliaksd24/status/1788410259599454256,@MuhadklyAcho Blm lagi kalo jalan kaki resiko ditabrak mobil krn pengemudi nya mabok frustasi liatnya
eedhmwn,https://x.com/eedhmwn/status/1788449899450638409,@MuhadklyAcho debu debu intan ga tuh *sambil pegangin encok yg mulai sakit2 wktu bangun tidur*
Rizkypyk,https://x.com/Rizkypyk/status/1783825085255799252,PLN mendapat apresiasi atas fasilitas SPKLU di Sumatra memberikan dukungan yang signifikan selama arus mudik Lebaran 2024 #PLNuntukIndonesia https://t.co/FtJc0PGbLC
Nicoadic,https://x.com/Nicoadic/status/1753292196185583714,@ainunrozi @tanyakanrl Sebenarnya udah ada subsidi lumayan gede tapi penerima manfaatnya terlalu banyak sehingga nominalnya juga akan berkurang. Lalu pengeluaran KAI juga terlalu besar ya efek BUMN selalu untuk jadi bancaan penguasa nyaris gaada BUMN yang sehat keuanganya
CecepLagi,https://x.com/CecepLagi/status/1790590480205627871,@lhayesno Teknologi masa depan kemdaraan adalah mesin hidrogen.
tangselupdates,https://x.com/tangselupdates/status/1783905686927352031,Kesiapan SPKLU PLN Diapresiasi Pemudik: Kehadiran sebanyak 1.299 unit SPKLU PT PLN (Persero) selama masa mudik dan balik Idul Fitri 1445 H dirasa sangat membantu para pemudik. Dengan tersebarnya lokasi-lokasi SPKLU ini pengguna https://t.co/PRkrBLOTPr via @kabar_tangsel
okezonenews,https://x.com/okezonenews/status/1795730694012043578,Bakal Meluncur di GIIAS 2024 Ini Penampakan Mobil Listrik China Pesaing TeslaÂ https://t.co/TmQVr0f4mn
investorgabut,https://x.com/investorgabut/status/1789883749879947295,Buat yg mo beli mobil jgn buru2 krn skrg trendnya udah beralih ke mobil listrik tp harga EV itu sendiri lg turun terus seiring meningkatnya pasokan di China sana malah sudah oversupply. Nanti akan ada masanya harga BYD atau bahkan Tesla cuma 100 jutaan baru deh kita beli.
kompascom,https://x.com/kompascom/status/1795254679225639274,Divisi performa Toyota yaitu Gazzo Racing atau GR belum tertarik mengembangkan mobil listrik performa tinggi. https://t.co/Z7ET1sLtnn
indragoenawan,https://x.com/indragoenawan/status/1788428189112688846,@MuhadklyAcho Kata mas yang itu ada solusi konkret? 
dyah_kunc,https://x.com/dyah_kunc/status/1753693155814481926,Subsidi mobil listrik masih jalan? 
zaalfaris,https://x.com/zaalfaris/status/1785618771358724265,Gelagapan cari spklu kalau pas kehabisan batere di jalan plus ngisinya lama
HistoriDunia2,https://x.com/HistoriDunia2/status/1746834137187860688,Pada tahun 1947 dua tahun setelah kekalahan Jepang di Perang Dunia 2 perusahaan mobil Jepang bernama Tokyo Electro Automobile Co.* mampu mengembangkan kendaraan listrik bernama TAMA yang dapat menempuh perjalanan sejauh 65 kilometer dengan satu kali pengisian baterai dengan https://t.co/Bs4J0WNSXo
civble,https://x.com/civble/status/1794089465520222565,PLN telah menyiagakan infrastruktur charging station sebanyak 52 unit yang terdiri dari 12 unit SPKLU Ultra Fast Charging 20 unit SPKLU Standard Charging dan 20 unit SPLU (Stasiun Pengisian Listrik Umum) generasi 2. #PLNuntukIndonesia #PLN #Info https://t.co/fVARqG0Vpl
TabletoskadonIm,https://x.com/TabletoskadonIm/status/1744277848305832001,Subsidi Mobil motor listrik? 
mindlipstick,https://x.com/mindlipstick/status/1786988796128694338,@AzzamIzzulhaq Rasanya sesak pernah bisa tp kemudian dilumpuhkan. Knp industri pesawat terbang kt dimatikan Pak? Krn kt bkn negara anggota pemilik Hak Veto PBB &amp; kt punya Presiden setelah Pak Harto &amp; Pak Habibie yg tdk punya orientasi utk menyelamatkan &amp; menyempurnakan konstitusi &amp; bangsanya.
HajiBajuri,https://x.com/HajiBajuri/status/1760746500349677734,@sociotalker Artinya Sendok dan Garpu listrik 
jonmamau,https://x.com/jonmamau/status/1760811607494660494,@sociotalker Hilirisasi sendok garpu.
vernandozz,https://x.com/vernandozz/status/1795939101868437861,@erasmus70 Skrg Mobil listrik impor diberi subsidi... kuranglebih aja permainan nya https://t.co/AWBe50JVRW
VIVAcoid,https://x.com/VIVAcoid/status/1769812543823110349,Menteri Bahlil Sebut Pabrik Baterai Mobil Listrik Pertama di RI Siap Produksi https://t.co/qjFRA9WWQs #Ramadan https://t.co/sKjqg2j8Yr
plndisjatim,https://x.com/plndisjatim/status/1788166815329440094,Electrizen Ternyata mengisi daya mobil listrik itu simple banget loh! Buat kamu yang mau punya mobil listrik wajib simak video diatas ya. Dengan langkah-langkah tersebut dulur semua bisa semakin mudah menggunakan SPKLU agar kendaraan listrik siap melaju! #PLNMobile #SPKLUPLN https://t.co/DcrDEeFQsS
firmaninside,https://x.com/firmaninside/status/1790347114389918121,@lhayesno Pindah ke transport umum aja
Samudra_Biru90,https://x.com/Samudra_Biru90/status/1785329891770339498,@kompascom udah kemahalan buatan cina lagi aaarrgh... . . .
nda_shendrayadi,https://x.com/nda_shendrayadi/status/1790331399389773948,@lhayesno 300jt pas mau beli batrenya pasti bimbang beli batre apa beli mobil baru lagi 
Bisniscom,https://x.com/Bisniscom/status/1794774138135208349,Eropa Was-was Biden Kenakan Tarif Tinggi Mobil Listrik 'Made in China' https://t.co/XhjjKfSXzK
apanyai2,https://x.com/apanyai2/status/1790308288900501856,@lhayesno Apakah sudah ada rencana pabrik pengolahan limbah baterai mobik/motor/sepeda listrik?
firmannurzaman,https://x.com/firmannurzaman/status/1790304183087980597,@lhayesno Ada EV kalo gak salah merk Vinfast mrk ada program cicil/sewa batre Rp1 5 atau 1 7juta per bulan. Jadi baterenya full garansi kalo rusak/soak langsung claim minta baru.
cj_1010_1414,https://x.com/cj_1010_1414/status/1788427179803701616,@MuhadklyAcho Saya suka jalan kaki. Tapi dianggap aneh
kompascom,https://x.com/kompascom/status/1795727669830746421,Domo Hybrid EV resmi meluncur siapkan layanan buat mobil hybrid dan listrik dari maintenance sampai ganti baterai https://t.co/awdzEpeJMp
WulingMotorsID,https://x.com/WulingMotorsID/status/1759035363723825435,Ini dia hal-hal yang perlu diketahui tentang baterai mobil listrik sebelum menggunakan kendaraan listrik. Yuk simak penjelasan baterai Air ev di sini! https://t.co/2K0BDu4ilj
kompascom,https://x.com/kompascom/status/1791640867922657646,Wuling menyebutkan kebiasaan menggunakan fast charging atau ultra fast charging bisa meningkatkan risiko menurunnya kesehatan baterai mobil listrik. https://t.co/JcotvmTmfi
convomf,https://x.com/convomf/status/1795067027633131730, CALLING FOR RESPONDEN Haii temen-temenn adakah disini yang punya mobil listrik? contohnya Wulling Air Hyundai Ioniq dll. Kalau ada apakah berkenan jadi responden skripsii akuu? Kalo ada replyy ya nanti aku ketuk dmnya Terimakasih semoga akan ada hal baik (cont..) https://t.co/PwmZYkihGp
f_yathir,https://x.com/f_yathir/status/1789189817248718849,@NOTASLIMBOY Sparepart mobil listrik itu nggak sebanyak mobil BBM tapi harganya jauh lebih mahal dibandingkan mobil BBM. Jangan dibeli.
Jajangbung5u,https://x.com/Jajangbung5u/status/1786402335964717405,@AzzamIzzulhaq Jati kasilih ku junti carita anhengna karuhun tinggal carita
Devterians,https://x.com/Devterians/status/1752548987482296824,@worksfess Kerja di Jakarta ya pake transportasi umum lah ada infrastruktur memadai tapi malah maunya pake kendaraan pribadi mobil pula hadeuh.
VIVAcoid,https://x.com/VIVAcoid/status/1785364635820187858,Voltron Hadirkan SPKLU Ultra Fast Charging di Living World Apa Saja Kelebihannya? https://t.co/KCZad38UHG
tanz_77,https://x.com/tanz_77/status/1786657398503186553,@AzzamIzzulhaq Repelita VI itu era tinggal landas wapresnya Habibie ...tp ya gitu malah kandas
willdidntsleep,https://x.com/willdidntsleep/status/1786463052805878010,@AzzamIzzulhaq Untuk engine jet nya produksi sendiri kah om? Atau pakai sistem OEM ngambil dari Rolls-Royce Pratt &amp; Whitney atau General Electric?
XWeb15,https://x.com/XWeb15/status/1788438992561783289,@MuhadklyAcho Lagi lagi inlander malas 
VIVAcoid,https://x.com/VIVAcoid/status/1795071744971321839,Beruntung Banget Orang Ini Dikasih Mobil Listrik Harga Miliaran Rupiah https://t.co/r13VBbmeWl
virgotiaaa,https://x.com/virgotiaaa/status/1750410385826738184,Ternyata proses menciptakan mobil listrik aja cenderung beri dampak buruk jg ke lingkungan..blm lagi industri
VIVAcoid,https://x.com/VIVAcoid/status/1793958897566527857,Daftar Kendaraan yang Kebal Ganjil-Genap Puncak Bogor Gimana Mobil Listrik? https://t.co/3KYWJTBASI
SugionoLil5245,https://x.com/SugionoLil5245/status/1775824901120888880,@detikcom Harta hanya titipan sementara dari Allah 
hariankompas,https://x.com/hariankompas/status/1790367494865363446,Seagull menjadi produk mobil listrik berbasis baterai buatan perusahaan China BYD yang membuat penasaran banyak orang. https://t.co/HPL1Y5gkX0 #VideoBerita #AdadiKompas
detikcom,https://x.com/detikcom/status/1741684423656165757,Teknologi Baterai Terbaru Pangkas Waktu Charging Kendaraan Listrik Teknologi yang mampu meningkatkan jangkauan sekaligus mengurangi waktu pengisian daya kendaraan listrik akan segera diadopsi oleh banyak mobil. https://t.co/LO5J5WOvva #detikinet
riyomuse,https://x.com/riyomuse/status/1760910468145963311,@sociotalker JANGANBANYAK BACOT MOBIL ESEMKA KELARIN GOBLOK
detikcom,https://x.com/detikcom/status/1775018319361548713,BYD semakin mengukuhkan dirinya sebagai produsen mobil listrik nomor satu di dunia. Mereka barub saja mencatatkan produksi 7 juta kendaraan ramah lingkungan. https://t.co/EE3EbrcT0M
katadataoto,https://x.com/katadataoto/status/1795683124334260245,Prioritaskan teknologi hybrid bos Toyota GR enggan produksi mobil listrik untuk isi lini performa tinggi https://t.co/X6pVHWSi1j
DS_yantie,https://x.com/DS_yantie/status/1790197568397533533,@lhayesno Aku mau beli sepeda listrik aja mikir nya udah hampir setahun 
ganruddy,https://x.com/ganruddy/status/1790354444426895828,@lhayesno Jadi penasaran sm mobil listrik yg sudah lama (prius dkk) sm kondisi baterai setelah bertahun-tahun apa iya lgsg ganti sak glondong gitu ya?
Azzam_azhar13,https://x.com/Azzam_azhar13/status/1784465666713829701,@ucoksolo73 @txtdrbekasi Iya jangan sampai yang nggak pake mobil listrik kena dampak biaya listrik tambah mahal
AhmadGozali,https://x.com/AhmadGozali/status/1754811368497422576,Presiden Indonesia punya kewenangan apa? Bisa bilang proyek tanpa APBN setelah disetujui terus diralat jadi pakai APBN. Bisa alokasikan 10%+ APBN cuma buat makan siang gratis. Bisa kasi subsidi mobil listrik tapi kurangi subsidi pupuk.
hariankompas,https://x.com/hariankompas/status/1755108022764900377,Chery menawarkan harga mobil listrik Omoda E5 yang lebih murah untuk 1.000 pembeli pertama. #Kendara #AdadiKompas https://t.co/jxagm97NeE
salamaestro,https://x.com/salamaestro/status/1785325354158301538,@ridwanhr Karena demand EV ternyta tidaklah setinggi itu. Tesla jg dengar2 mulai banting harga skrg.
IqbaalMustafa,https://x.com/IqbaalMustafa/status/1752610980583129557,@worksfess Mobil listrik yang tamlilannya bagus yang pasti wuling binguo. Mantap
BUMN_BDG_Beda,https://x.com/BUMN_BDG_Beda/status/1784844579382206639,Kini PLN sudah menghadirkan Stasiun Pengisian Kendaraan Listrik Umum (SPKLU) di seluruh rest area yang tersebar di sepanjang Tol Trans Sumatra-Jawa. #MudikAsyikPLN2024 #SPKLUPLN #SPKLUPLNLebaran #MudikAsyikPLN #PLNSiagaIdulFitri1445H #PLNUntukIndonesia #PLNSiagaRamadan https://t.co/e3pc0bswYd
EbiWanKenobi,https://x.com/EbiWanKenobi/status/1789128123361189988,@NOTASLIMBOY Gak apalah macam advance access kalo di game mah
arvindj48,https://x.com/arvindj48/status/1790025054798971359,@investorgabut mau under 100jt juga ogah beli EV. ICE jaya jaya jaya
_Banyoe,https://x.com/_Banyoe/status/1767019619137831201,Kira-kira segini biaya produksi iPhone 14 kesayangan anda di Tiongkok.. Skrng bayangkan berapa biaya produksi Mobil Listrik dan diberi subsidi dari pajak kita kemudian dijual kepada Publik. https://t.co/LVkKmarMx1
kamilnaly,https://x.com/kamilnaly/status/1764242339898499285,NJOP tanah 2024 naik 100%++ wkwkw Buat bayarin IKN laknat sama mukbang siang gratis Miskin sekalian dapet bansos Kaya sekalian dapet subsidi mobil listrik dan jalan tol Warga kelas menengah pake motor emang target palak negara
asfan_warah,https://x.com/asfan_warah/status/1786669244631142776,@AzzamIzzulhaq Dulu itu setiap anak2 bercita2 pengen jadi spt Habibie sekolah tinggi dan pinter ... Skrg anak2 lebih suka jd YouTuber Tiktoker atau selebgram. Sekolah gk penting yg penting tau ordal nanti semuanya bisa diatur.
BerkahWidodo6,https://x.com/BerkahWidodo6/status/1785234843527438668,@kompascom Mantap harga cloud ev byk benefitnya fitur adas lengkap gokil
Qurni48,https://x.com/Qurni48/status/1790199521156448455,@lhayesno Msh lbh efesien mbl BBM kl gitu
tvOneNews,https://x.com/tvOneNews/status/1793493862549541108,Targetkan 13 Juta Motor Listrik di 2030 Pemerintah Akan Beri Subsidi Hingga 455 Juta Dolar AS Setara Rp7 2 Triliun: Untuk menutup disparitas harga pemerintah Indonesia memberikan insentif pajak dan subsidi untuk mobil listrik mobil hibrida dan sepeda https://t.co/WZu7mPPdCB https://t.co/e1AZv0mvj0
soloposdotcom,https://x.com/soloposdotcom/status/1764280455149634027,Daftar Harga Mobil Listrik di Indonesia Termurah sampai Termahal https://t.co/62b8XCNHye https://t.co/DvGL8v4Ow3
pinguindonesia,https://x.com/pinguindonesia/status/1752675566116094376,@wisnusuryapr Abis itu student loan banyak yang ngk bayar. Akhirnya negara yang nanggung. 
BabangIqball,https://x.com/BabangIqball/status/1788421370336227513,@MuhadklyAcho Siap menuju Indonesia Emas 3045 
crypto_jakarta,https://x.com/crypto_jakarta/status/1782459568284631140,@SelebtwitMobil Mobil listrik kalau dijual bekas sisa 10% dari harga baru nya. Haha
DiegoKlinik,https://x.com/DiegoKlinik/status/1790281240874291261,@lhayesno Untung rugi beli mobil mainan anak charge harga dulu 3 JT. Sama beli motor jadul Shogun harga mirip. Motor masih bisa dipake dan masih ada bentuk motornya mobil mainan udah entah kapan dimana kau berada.
WulingMotorsID,https://x.com/WulingMotorsID/status/1771824282235986367,Pengen tahu seluk-beluk baterai mobil listrik? Mulai dari jenis-jenisnya kapasitas hingga harganya? Yuk baca selengkapnya sekarang juga! https://t.co/Uyw44wuKML
setyodiwantoro,https://x.com/setyodiwantoro/status/1786708748033204289,@AzzamIzzulhaq Wkwkwkwk waktu dan tempat dipersilahkan min untuk orasi ilmiahnya @indoflyer 
IcegoldKopi,https://x.com/IcegoldKopi/status/1790593731680469460,@DoankWarto Kalau saya Setuju alasan dampak nya : 1. Biar ga macet 2. Biar Negara pembuat motor (Sdh lah kali ini biar Indonesia yg kaya) 3. Kalaupun berubah menjadi motor listrik (bisa gak brand Indonesia Pembuatan nya di Indonesia) 4. Kl Bs harga motor/
darmanblitz,https://x.com/darmanblitz/status/1790277115960865189,@lhayesno Ban interior mobil make up bodynya wifer dll.
Samudra_Biru90,https://x.com/Samudra_Biru90/status/1788455053164159120,@MuhadklyAcho Indonesia memang tempat untuk juara2 yang malas-malas saja . . . . Selamat ya .. . . . . . Oiya Indonesia juga negara yang penduduknya paling malah makan sayur sedunia . . . . . . . . . . . . . . . . . .
detikcom,https://x.com/detikcom/status/1775380707277238386,Mobil listrik Xiaomi SU7 yang sudah dikendarai di jalan raya China menemui banyak masalah. https://t.co/DcrpRxxuHY
dari_oslo,https://x.com/dari_oslo/status/1795425070086840643,@Udang_Rebon3 @AfifFuadS Yg penting pake baju loreng buat gagah3an
UCIKINI,https://x.com/UCIKINI/status/1790056398316822747,mereka ini mikir dampak limbah baterai kendaraan listrik 20 tahun kedepan gak sih? Apa cuma cuan isi kepalanya https://t.co/dxq0xLM2Od Menteri Investasi/Kepala BKPM Bahlil Lahadalia yakin Indonesia dan Australia dapat menjadi kekuatan besar industri baterai mobil listrik dunia
rmol_id,https://x.com/rmol_id/status/1794377671952175608,Dibanderol Rp300 Jutaan Mobil Listrik Murah Asal China Siap Masuk Pasar Eropa https://t.co/kvKDcUJ10Z
ZrahayuRahayu,https://x.com/ZrahayuRahayu/status/1789454102768009719,@CNNIndonesia Kalo emang bener peduli kemanusiaan boikot mobil listrik aja krn baterai mobil listrik itu problematik. Misal penambangan nikel dan mineral lain dampak lingkungan buat bangsa kita jelas. https://t.co/k366GWVZjq
tempodotco,https://x.com/tempodotco/status/1785884314225541313,Voltron Sediakan SPKLU Ultra Fast Charging di Living World Simak Tarifnya https://t.co/cO99kDrbZQ #GoOto
G0att___,https://x.com/G0att___/status/1789946464149389640,@investorgabut Betul karna pabrik bakal semakin efisien dan jumlahnya banyak jadi masih cuan kalo dijual cepe pun
Apllusan,https://x.com/Apllusan/status/1767767863996391778,Noh opung kalo mau bikin kongser eksklusif benerin dulu public transportation nya. Jangan malah subsidi mobil listrik mah....
SINDOnews,https://x.com/SINDOnews/status/1794936705025487087,Baterai Mobil Listrik Canggih Solid State Baru Bisa Diproduksi Masal 2026 https://t.co/sWcYdCMe5C
smarthadinata,https://x.com/smarthadinata/status/1790283765199384791,@lhayesno Idealnya ya dibandingkan total biaya pertahunnya.. Seluruh biaya yg timbul baik mobil listrik maupun BBM.. Dan ingat bandingkan mobil dengan level yg sama jangan bandingkan ioniq dengan mobil gocar.. 
jenengku_aslam,https://x.com/jenengku_aslam/status/1763044704105660807,Subsidi mobil dan motor listrik adalah solusi!! Genjot penjualan kendaraan listrik!!! 
VIVAcoid,https://x.com/VIVAcoid/status/1781547486840291817,Mobil Listrik Vinfast Pakai Sistem Sewa Baterai Segini Biayanya https://t.co/f6pvOvFFKT
WisanggeniLagi,https://x.com/WisanggeniLagi/status/1764648604139130992,Kalah lagi sama tetangga kira2 kenapa gengs??? https://t.co/gfiupRg3QC BMW akan membangun pabrik baterai dan mobil listrik di Thailand. BMW akan memproduksi mobil listrik di negara itu pada tahun depan.
iindrianto66,https://x.com/iindrianto66/status/1790295560798531894,@lhayesno Inget gak jaman nokia atau bb nanti juga ada yg jual battery kw double power harga lebih murah
vularoid,https://x.com/vularoid/status/1796010452217926095,@kumparan bentar lg mobil bensin second yg kaga laku
GNET888,https://x.com/GNET888/status/1788434437740658869,@MuhadklyAcho If aku::setiap hari jalan kaki &gt; min 1KM sampai 5 KM sehari &gt; disaat kerja Jualan dari pasar tradisional sampai keperkampungan dan gang2 kecil. Rasanya tanpa tidak langsung bikin sehat badan dan tidak mudah sakit. Walaupun sakit cepat juga pulihnya .
KontanNews,https://x.com/KontanNews/status/1768928964171727094,Tesla Menaikkan Harga Jual Mobil Listrik Model Y https://t.co/k9zBrz8xtN #MobilTesla
FarilStudents,https://x.com/FarilStudents/status/1760859321305571489,@sociotalker buat bayar utang yg dibikin rezim jokowi
Tadinyamaubucin,https://x.com/Tadinyamaubucin/status/1753265926953451529,@ainunrozi @tanyakanrl Tetep all in
Ading_Fardhy,https://x.com/Ading_Fardhy/status/1789251798534099245,@NOTASLIMBOY Molis = mobil listrik
SilangitEdward,https://x.com/SilangitEdward/status/1785234590711546074,@kompascom Wuihh udh bisa pesen cloud ev. Murahhh
rmuharramn_,https://x.com/rmuharramn_/status/1777679396671029541,Angin kaga punya katepe wooy!!! Makan tuh subsidi mobil/motor listrik tapi listriknya dari ngolah batu bara. Oiya yg bikin kebijakan punya usaha batu bara... lupa saya
Palakicil,https://x.com/Palakicil/status/1742884204705399208,rill wkwk. yang gasuka sama anies adalah golongan orang2 yg ngedukung kebijakan pemerintah kmrn perkara subsidi mobil listrik. tolol
boboho_disini,https://x.com/boboho_disini/status/1788436605344284845,@MuhadklyAcho @redrory1997 ajakin orang2 malas ini pii @kakmip @riapenyabar @salsdomination @Gitasaraswatiya
Kesetkaki0,https://x.com/Kesetkaki0/status/1786548010794778801,@AzzamIzzulhaq Mudah2an harga tiket pesawat bisa turun
lhayesno,https://x.com/lhayesno/status/1790192362809090462,Matematika/ Untung Rugi beli mobil listrik. Produk hanya sebagai ilustrasi Misal Ionic 5 seharga mulai dari 680 juta. Bila penggunaannya benar. Kalian harus ganti baterainya. Anggap saja 6 tahun pakai (ibarat ponsel 6 tahun pakai baterai jelas sudah tidak layak). Harga https://t.co/JrzBpVkrJr
marsudi_rebond,https://x.com/marsudi_rebond/status/1795983819683594701,@kumparan jangankan mobil motor listrik aja susah trganjal harga batery yg mahal kl udah soak.kl bisa pake batery alkaline mah beli dah.....
ikhwanuddin,https://x.com/ikhwanuddin/status/1766651100990484735,@_gamalan lembaga dan warga tetep di bawah tanggung jawab pemerintah mas subsidi sawit triliunan aja bisa subsidi mobil listrik bisa bikin aturan kesejahteraan ke Guru Swasta masa ga bisa
Cappucino_milx,https://x.com/Cappucino_milx/status/1753244305026920804,@ainunrozi @tanyakanrl Kan regulatornya merangkap pelaku pasar bang ya sambil menyelam minum air
hariankompas,https://x.com/hariankompas/status/1758482193167327476,Pasar akan dapat membentuk harga jual kembali mobil listrik 3-5 tahun ke depan. #Ekonomi #AdadiKompas https://t.co/AdbCByOkQm
pln_kalselteng,https://x.com/pln_kalselteng/status/1795017052089970883,Kabar baik untuk para pengguna Electric Vehicle (EV) PT PLN (Persero) Unit Induk Distribusi Kalimantan Selatan dan Kalimantan Tengah (UID Kalselteng) kembali memberikan kenyamanan dengan hadirnya satu unit SPKLU tipe Slow Charging AC Kapasitas 7 3 kilowatt (kW) https://t.co/L8Z3ofQozp
Aldi93ald,https://x.com/Aldi93ald/status/1790342746638831920,@lhayesno Setelah 6 tahun bayar 300 jt untuk ganti batere tetap mobil lama? Mobil bbm setelah 6 tahun tambah 300 jt dapat mobil baru
ipanase,https://x.com/ipanase/status/1759281977436577874,Ada pemirsa yang punya mobil listrik Mercedes-Benz ? #charger #voltron#mobilistrik #ev #MercedesBenz #mercy Mercedes-Benz Gandeng Voltron Untuk Jaringan Stasiun Pengisian Baterai Kendaraan Listrik Di Indonesia https://t.co/MKNXAIDGlO lewat @ipanase
Ashabulcafe,https://x.com/Ashabulcafe/status/1786416281564090595,@AzzamIzzulhaq Pesawat yang ditukar ketan itu bukan?? Mengapa ditukar ketan?
detikcom,https://x.com/detikcom/status/1750439613838098445,Ilmuwan MIT telah mengembangkan bahan baterai yang lebih berkelanjutan dan ramah lingkungan untuk mobil listrik. Bukan LFP ataupun nikel bahan baterainya apa ya? Via @detikedu https://t.co/pLeHczgwXC
satrionurhasan,https://x.com/satrionurhasan/status/1785311199451836451,@ridwanhr Di marinda center ada parkiran buat naruh unit barunya nih pak gub
bangonae,https://x.com/bangonae/status/1788423007540785209,@MuhadklyAcho Apalagi kawasan kabupaten buat pejalan kaki tuh jalannya kek jalur offroad dimana waktu kering berdebu bgt klo hujan becek bgt 
Bisniscom,https://x.com/Bisniscom/status/1788119429307613322,Agar Lebih Awet Simak Tips Merawat Baterai Mobil Listrik https://t.co/iw2WowoCuG
G4C0AN,https://x.com/G4C0AN/status/1781472571294421373,@SelebtwitMobil meanwhile ioniq 5 kantor gw yg battery healthnya udh 92% n udh jalan over 30k km slama 2 thn bcs dipake tiap hari pp kantor can't relate despite gw masih miskin actually (anw ioniq 5 punya kantor/bos gw yg dimaksud itu issa actually 'dihibahin' kuncinya ke gw n i drove it)
travoice0401,https://x.com/travoice0401/status/1791794499850744083,Electrizen Dalam menyambut arus balik Idul Fitri 1445 H PLN bersama Inspektorat Jenderal Kementerian ESDM RI telah memastikan kesiapan SPKLU untuk melayani kendaraan listrik. Mereka melakukan pengecekan di 10 lokasi di Provinsi Banten yang menjadi jalur mudik. #PLN https://t.co/qbsXiAoodO
SevensRoad77,https://x.com/SevensRoad77/status/1790361279846326658,@lhayesno Ya coba lu pikirin harga baterainya 5-6 thn kedepan apa msh segitu?
shasimi99,https://x.com/shasimi99/status/1788425805250670714,@MuhadklyAcho Kamu punya solusi konkret ga 
pln_jabar,https://x.com/pln_jabar/status/1785131488666898683,Salah satu pengunjung SPKLU PLN ULP Cipayung yang merupakan wisatawan berasal dari Malaysia memberikan testimoni terkait fasilitas yang tersedia. Berwisata dengan mobil listrik lebih asik dan efisien #pln #plnjabar #plnbogor #plnmobile #spklu #spklupln #puncak #puncakbogor https://t.co/2D6T1mebXE
CNNIndonesia,https://x.com/CNNIndonesia/status/1790956187825123423,Dampak Ultra Fast Charging untuk Mobil Listrik Usai 7 Tahun Pakai https://t.co/yghcR9Dn59
XueYaman,https://x.com/XueYaman/status/1752185167282937875,@detikcom @gibran_tweet ternyata memang benar nikel itu bakal jadi bahan baterai kw2 ...
hari_bdl,https://x.com/hari_bdl/status/1789273719782932881,@NOTASLIMBOY Banting harga apa berarti sebelumnya ambil untung kegedean?
kompasiana,https://x.com/kompasiana/status/1750518434755170376,Dampak Mobil Listrik terhadap Usaha Tradisional: Potensi Penutupan dan Adaptasi https://t.co/bOZONFirfQ
CMTGforwarder,https://x.com/CMTGforwarder/status/1787755262184665307,@AzzamIzzulhaq @ganarmdhn Mobil listrik anak bangsa dijegal karena gagal lolos uji emisi ???
detikcom,https://x.com/detikcom/status/1765598751253565828,Wuling Bingo terbaru meluncur di China dengan nama Bingo Plus. Begini spesifikasi mobil listrik yang dijual mulai harga di bawah Rp 200 juta itu. https://t.co/r5jzzbXmQi